"","title_proximity_tfidf","description_proximity_tfidf","main_query_tfidf","query_jl_score","query_title_score","city_match","job_age_days","apply","search_date_pacific","class_id"
"549",0,0,0,0.015100259,0.021819407,1,6,0,"2018-01-23",3137307170067786240
"188",0,0,0,0.011113059,0.01344157,1,3,0,"2018-01-24",-6998215076096305152
"804",9.197644,0.028869221,0,0.01896124,0.013888889,1,1,0,"2018-01-24",8822383975910322176
"738",0,0,1.1595632,0.012620781,0.015803698,1,8,0,"2018-01-26",4.315422483091e+18
"655",15.947648,0,3.131012,0.024912337,0.027712349,0,27,0,"2018-01-23",-4175733961318103552
"1157",0,0,0.84858334,0.010851126,0.008191726,1,7,0,"2018-01-24",9187774158059236352
"547",0,0,2.6169658,0.013546675,0.026418908,1,0,1,"2018-01-23",-7485608206391772160
"1236",0,0,1.3165127,0.008195024,0.010411542,1,3,0,"2018-01-25",9204124302215888896
"1291",0,0,0,0.006129141,0.006780774,1,2,0,"2018-01-26",1861515439563363328
"213",14.15044,0.23054874,3.53761,0.01060003,0.00880544,0,6,0,"2018-01-23",-7435860353377593344
"941",14.669287,0.104662776,3.4193943,0.018665701,0.008196721,0,3,0,"2018-01-27",-5302120391854416896
"1329",0,0,0,1e-06,0.0019005461,0,13,0,"2018-01-23",-507318753207970304
"303",0,0,2.8187473,1e-06,1e-06,0,1,0,"2018-01-26",-7731275881257459712
"194",0,0,1.0425198,0.015882451,0.016713692,1,37,0,"2018-01-26",-2633997089996197376
"780",0,0,1.7199336,0.01827799,0.02365067,0,1,0,"2018-01-23",-547059124907035648
"707",0,0,5.8209496,0.019952673,0.036104497,0,13,0,"2018-01-24",1424940020905479168
"119",0,0,3.4447715,0.01377735,0.011779801,1,24,0,"2018-01-23",-507318753207970304
"1170",0,0,1.4742805,0.007076155,0.006829526,0,15,0,"2018-01-23",2666095119806832128
"381",0,0,1.0243318,1e-06,0.012036494,0,19,0,"2018-01-24",-4530023448177795584
"103",18.400007,0.3846779,0,0.011387299,0.06484421,0,1,0,"2018-01-24",1424940020905479168
"1145",0,0,0,0.01524986,0.010800816,1,0,0,"2018-01-23",-3214316587352202752
"1628",0,0.21634547,0,0.026162688,0.028607473,1,6,0,"2018-01-25",3820235585099670016
"1670",23.103676,0.018769296,4.9693155,0.008453822,0.19614714,1,27,0,"2018-01-25",-1614082818015232512
"480",0,0,0,0.015805935,0.013692568,0,27,0,"2018-01-23",-4246715430060585472
"1300",0,0.49170268,0.048387628,0.017500736,0.018942049,1,4,0,"2018-01-26",9124072227722530816
"397",0,2.525119,0.39368096,0.02252652,0.015121912,1,7,0,"2018-01-24",-4397799785543263232
"1138",11.082093,0.030974627,3.3597531,0.01897765,0.035094675,1,0,0,"2018-01-24",7071217935712041984
"621",0,0,0,0.016644344,0.019631546,0,4,0,"2018-01-25",-7613806991329176576
"1214",0,0,0.10631457,0.01882881,0.01665967,1,4,0,"2018-01-21",-507318753207970304
"41",0,0,2.6474133,0.044445608,0.008203057,0,6,0,"2018-01-23",-1614082818015232512
"1602",0,0,1.1393627,1e-06,0.020647224,1,0,0,"2018-01-25",-6998215076096305152
"1313",14.379437,0.20793945,3.5948594,0.013721834,0.015173186,1,4,0,"2018-01-23",1424940020905479168
"412",0,0,2.4062474,0.0052981926,0.008403163,0,3,0,"2018-01-21",-1614082818015232512
"856",0,0,0,0.024062725,0.022071714,1,1,0,"2018-01-23",-5302120391854416896
"1101",0,0.16461928,0,0.019910598,0.018518519,1,1,0,"2018-01-26",-3724252576497870848
"241",0,0.056406297,2.1644611,0.021063201,0.06678385,0,23,1,"2018-01-26",-461013632408289408
"1593",22.839981,0.054960888,5.062274,0.017537087,0.22558764,1,27,0,"2018-01-25",-7268106225594404864
"894",0,0,0,0.009985821,0.020849312,0,8,0,"2018-01-25",1384646523120192000
"105",35.442467,0.076732375,7.6905212,0.025477938,0.18747441,1,8,0,"2018-01-23",-2633997089996197376
"1471",0,0,0,0.006346899,0.0062366636,1,3,0,"2018-01-21",4911506883166819328
"881",0,0,0,0.026985675,0.04175932,1,2,0,"2018-01-26",-2363588769751115776
"101",0,0,0,0.028844507,0.029790228,1,28,0,"2018-01-24",3519666681604228608
"876",0,0,0,0.010392993,0.004048583,0,16,0,"2018-01-23",-1627412911764431360
"467",0,0,1.7346485,0.0070447484,0.016849827,1,12,0,"2018-01-24",-6998215076096305152
"545",0,0,0,0.021980943,0.024691856,1,13,0,"2018-01-23",551566471067073792
"862",0,0.0440961,0,0.016853398,0.017324492,1,1,0,"2018-01-24",8821162609494818816
"1661",0,0,2.24257,0.012588168,0.012093974,1,9,0,"2018-01-25",-8060438743201922048
"1401",0,0,1.2831223,0.012881087,0.009591959,0,2,0,"2018-01-27",1861515439563363328
"1059",0,0,0,0.0144418,0.013622702,1,8,0,"2018-01-24",8821162609494818816
"1024",0,0,0,0.012824315,0.012681201,0,21,0,"2018-01-24",-3623880078591607808
"848",0,0,0,0.015374113,0.05559717,1,8,0,"2018-01-24",-6998215076096305152
"628",0,0,0,0.012740225,0.013068516,1,4,0,"2018-01-25",-6998215076096305152
"139",0,0,0,0.010170959,0.00990099,1,3,0,"2018-01-21",-4246715430060585472
"791",0,0.064919874,3.5738952,0.008994928,0.010874951,0,1,0,"2018-01-25",-7613806991329176576
"240",0,0,1.6503339,0.013577879,0.0117057655,1,1,0,"2018-01-23",8238500898095513600
"750",19.375671,0.037423372,4.1358967,0.011033422,0.012469873,1,4,0,"2018-01-23",284924936766195200
"931",0,0,1.4508811,0.01092669,0.01241167,0,13,0,"2018-01-25",-547059124907035648
"1562",0,0,0,0.011850786,0.009433962,0,1,0,"2018-01-21",4.315422483091e+18
"1349",0,0,1.1475174,0.009009009,0.0078125,0,0,0,"2018-01-23",-7706973126229505024
"1023",0,0,0,0.016886795,0.033083316,1,2,0,"2018-01-25",7071217935712041984
"494",0,0,0,0.014335464,0.22706081,0,6,0,"2018-01-24",4.315422483091e+18
"624",0,0,1.3531623,0.008350599,0.007575758,0,1,1,"2018-01-23",2666095119806832128
"1108",0,0.31257448,0,0.028046317,0.071380086,1,2,1,"2018-01-27",-2045482504961250560
"758",0,0,4.3678985,0.011424585,0.017002016,1,8,1,"2018-01-21",-5302120391854416896
"1667",12.250882,0.06068311,3.7140946,0.020991838,0.020150755,1,13,0,"2018-01-23",-3696411351851333120
"1195",12.083315,0.025244659,0,0.045981493,0.109692276,0,5,0,"2018-01-23",-3214316587352202752
"565",0,0,0,0.01369863,0.019931192,0,3,0,"2018-01-26",731257982052660480
"1187",0,0.16829869,0,0.01657967,0.021337874,1,23,0,"2018-01-21",-461013632408289408
"973",0,0.17036709,0,0.018867925,0.0125,1,12,0,"2018-01-21",3519666681604228608
"950",0,0,0,0.010546797,0.038362667,1,3,0,"2018-01-22",4.315422483091e+18
"879",0,0,0,0.012136866,0.031007174,1,23,0,"2018-01-25",9187774158059236352
"35",15.13137,0.03467966,4.8559732,0.009345794,0.14939632,1,5,0,"2018-01-24",-1614082818015232512
"74",24.685165,0,5.3364534,0.04644736,0.21418421,1,2,0,"2018-01-24",8530323770842618880
"1029",0,0,2.122957,0.0054680365,0.0056309868,0,1,0,"2018-01-23",4911506883166819328
"863",0,0,0,0.016654823,0.045059543,0,10,1,"2018-01-21",-4414251511891853824
"1317",0,0.03872379,4.086628,0.007518797,0.006451613,1,17,0,"2018-01-26",-7867367934152049664
"1524",0,0,0,0.010562869,0.011779562,0,17,0,"2018-01-25",8821162609494818816
"1546",8.666754,0.26991487,2.1666884,0.015448379,0.01718237,0,6,0,"2018-01-24",-547059124907035648
"342",0,0.024754021,0,0.013915761,0.015942562,1,18,0,"2018-01-23",-507318753207970304
"217",0,0,0,0.017381158,0.01680525,1,3,0,"2018-01-23",1242265857543364096
"1489",28.756876,0.06633133,6.4978666,0.026641779,0.02596081,0,28,0,"2018-01-25",8822383975910322176
"712",0,0.07705174,0,0.016066153,0.0176626,1,0,0,"2018-01-24",-507318753207970304
"1140",26.964354,0.050535526,5.6701365,0.01502087,0.010309278,0,26,0,"2018-01-21",8980388029261832192
"1391",0,0,2.4990096,0.016666668,0.01923077,0,19,0,"2018-01-25",3820235585099670016
"1522",27.519434,0.28401598,4.8656836,0.015151516,0.08903266,1,20,0,"2018-01-21",-4175733961318103552
"1534",16.662464,0.04147255,3.599023,0.015151516,0.015151516,0,4,0,"2018-01-27",8530323770842618880
"784",0,0,3.3364637,0.010149468,0.0088495575,1,8,0,"2018-01-24",3137307170067786240
"1053",0,0,0,0.020231228,0.014403227,0,22,0,"2018-01-23",-7268106225594404864
"1402",9.562387,0.028496087,0,0.040333897,0.0439765,1,23,0,"2018-01-23",-3214316587352202752
"80",18.218554,1.503765,4.5546384,0.03908167,0.03231506,0,25,0,"2018-01-23",-4246715430060585472
"1410",0,0,1.5694349,0.011122753,0.020647487,0,11,0,"2018-01-27",8147585998651961344
"1169",0,0,0,0.014084507,0.031877186,1,1,0,"2018-01-24",-4246715430060585472
"898",1.977148,0.030113408,1.3953886,0.010752688,0.011494253,1,8,0,"2018-01-23",4.315422483091e+18
"1179",0,0.033966646,4.657412,0.021744754,0.04501626,1,0,0,"2018-01-26",-6119409206348088320
"1475",23.8656,0,0,0.017242992,0.22146434,0,1,1,"2018-01-21",-7731275881257459712
"221",0,0,0,0.025718942,0.023937546,0,7,0,"2018-01-23",6486711527107561472
"1649",0,0.17464988,0,0.015151516,0.017477492,1,52,0,"2018-01-23",8822383975910322176
"1658",15.585308,0.3522694,3.896327,0.016885785,0.012541157,1,26,0,"2018-01-23",-4414251511891853824
"134",0,0,0,0.019572401,0.050557505,0,13,0,"2018-01-24",4672379463779748864
"704",18.98494,0.035067983,4.2041955,0.016507866,0.030389616,0,10,0,"2018-01-25",7929051477785046016
"1286",0,0,0.7725239,0.02788745,0.029601827,1,2,0,"2018-01-26",-4092669534112985088
"1341",23.098083,0.02280557,4.9981422,0.013513514,0.19614714,1,15,0,"2018-01-25",-1614082818015232512
"1462",0,0,0,0.021235075,0.014492754,1,6,0,"2018-01-24",8530323770842618880
"1262",0,0,3.2278295,0.009584427,0.008808611,1,12,0,"2018-01-21",-3214316587352202752
"635",0,0,0,0.011209451,0.012534038,1,4,0,"2018-01-26",-4246715430060585472
"377",0,0.047940817,4.302496,0.021553371,0.019495647,1,22,0,"2018-01-27",4672379463779748864
"1414",26.393612,0.04199932,5.653802,0.027312309,0.29665598,1,26,0,"2018-01-24",-3214316587352202752
"110",0,0,1.6978471,0.017099673,0.017615004,0,17,0,"2018-01-25",-5441447297614617600
"1684",21.114243,0.030098516,4.527778,0.003327137,0.003365735,1,13,0,"2018-01-23",-4530023448177795584
"1030",0,0,2.1478584,0.0054680365,0.0056309868,0,1,1,"2018-01-23",4911506883166819328
"1199",0,0,0,0.008095896,0.008630453,0,0,0,"2018-01-21",1618823289277795072
"460",18.346594,0.034002002,3.9682631,0.01575401,0.020043734,0,28,0,"2018-01-23",8530323770842618880
"1076",0,0,0,0.010453754,0.020999026,0,6,0,"2018-01-23",387174923953940480
"320",21.90818,0.017871065,4.7753887,0.013157052,0.19614714,0,21,0,"2018-01-25",-1614082818015232512
"1569",4.5909314,0.014382291,1.891161,0.013098185,0.038612127,1,27,0,"2018-01-24",3820235585099670016
"1304",0,0,0,0.016721617,0.029507585,1,0,0,"2018-01-23",-4593390417958236672
"935",0,0,2.8605118,0.012323776,0.028983545,1,22,0,"2018-01-24",-7731275881257459712
"1379",0,0,0,0.01725279,0.042915653,0,1,0,"2018-01-25",-1340663555360675840
"699",0,0,0,0.0074844807,0.017054629,0,8,0,"2018-01-26",538133316569865920
"951",29.414656,0,6.3059397,0.022287657,0.22235301,1,26,0,"2018-01-25",-2363588769751115776
"1110",0,0.31257448,0,0.028046317,0.071380086,1,2,0,"2018-01-27",-2045482504961250560
"53",0,0,0,0.026355602,0.09274239,0,3,0,"2018-01-23",6486711527107561472
"72",0,0,0,0.01583196,0.02173913,1,12,0,"2018-01-25",1861515439563363328
"1459",2.7572465,0.017942036,1.737728,0.013082662,0.013914736,1,2,0,"2018-01-24",4672379463779748864
"1502",0,0,0,0.0135895135,0.015274639,0,6,1,"2018-01-24",9204124302215888896
"1148",23.213243,1.2216113,4.1079726,0.041981537,0.050979592,0,65,0,"2018-01-26",-7050533675921763328
"1443",0,0,0,0.01166804,0.00655395,0,5,0,"2018-01-23",-4175733961318103552
"94",0,0,0,0.010921695,0.022055618,0,10,0,"2018-01-23",-4593390417958236672
"250",10.305528,0.042406403,0,0.01896124,0.018533707,1,12,0,"2018-01-23",8822383975910322176
"302",0,0,1.3266768,1e-06,0.0048228423,0,7,0,"2018-01-24",4668204224781136896
"1584",0,0,0,0.011995897,0.0070422534,0,3,0,"2018-01-21",-2363588769751115776
"1323",13.344911,0.18404686,3.3362277,0.014600819,0.020259557,0,8,0,"2018-01-27",7711989119986958336
"84",0,0,2.0910993,1e-06,1e-06,0,2,0,"2018-01-26",8530323770842618880
"215",0,0.17394778,0,0.009803922,0.009433962,0,12,0,"2018-01-24",731257982052660480
"205",0,0,0,0.0234579,0.036256824,1,22,1,"2018-01-27",284924936766195200
"461",0,0,1.2225195,0.018881388,0.020018999,0,2,1,"2018-01-25",8147585998651961344
"267",0,0,1.179563,0.05157353,0.05654161,1,21,0,"2018-01-23",4672379463779748864
"414",0,0,0,0.009451386,0.010325023,1,7,0,"2018-01-25",-6998215076096305152
"351",0,0,2.5884678,1e-06,0.019209335,0,5,0,"2018-01-25",-3833503669829461504
"787",0,0,0,0.024196785,0.080839105,0,8,0,"2018-01-25",-4877799383121009664
"732",13.371592,0.044093035,3.5684195,0.023112874,0.018924622,1,5,0,"2018-01-23",-1361819269400927232
"1338",0,0,0,0.01725279,0.011622127,1,1,0,"2018-01-25",-794747569177404544
"1153",0,0,0,0.005096701,0.006134969,0,7,0,"2018-01-25",8238500898095513600
"1228",31.257683,0.35664427,0,0.015151516,0.05573363,1,14,0,"2018-01-26",-4246715430060585472
"429",14.399108,0.044760276,4.3653708,0.030255489,0.031584106,1,19,1,"2018-01-21",-4397799785543263232
"196",19.67327,0.11318808,4.221863,0.009587903,0.007704567,0,3,0,"2018-01-23",387174923953940480
"1115",8.480971,0.14321566,2.1202428,0.015554835,0.031235928,0,28,0,"2018-01-25",-547059124907035648
"1676",10.485418,0.22632812,2.6211953,0.012820513,0.026662705,1,15,0,"2018-01-26",-8220869288454573056
"500",27.68064,0.4122033,4.8937383,0.028280433,0.08270861,0,13,0,"2018-01-25",-4175733961318103552
"442",0,0,0,0.016666668,0.013993929,0,11,0,"2018-01-21",-2363588769751115776
"349",0,0,0,0.013784706,0.013157895,1,9,0,"2018-01-27",6668372929844503552
"1356",0,0.04615208,1.3488564,0.015187229,0.010589528,1,11,0,"2018-01-21",-5302120391854416896
"625",0,0,1.3531623,0.008350599,0.007575758,0,1,0,"2018-01-23",2666095119806832128
"773",0,0,2.5024395,0.014619997,0.020328952,1,6,1,"2018-01-23",551566471067073792
"436",11.471563,0.032136425,2.5165474,0.012975996,0.014259005,1,6,0,"2018-01-25",-1361819269400927232
"700",0,0,0,0.0074844807,0.017054629,0,8,1,"2018-01-26",538133316569865920
"247",0,0,0,0.009448378,0.027696881,0,13,0,"2018-01-26",-4530023448177795584
"747",17.600138,0,3.7403517,0.010869565,0.009009009,1,1,0,"2018-01-26",6486711527107561472
"284",9.767559,0,0,0.0134982085,0.008196721,0,0,1,"2018-01-23",-461013632408289408
"1363",0,0,0,0.020636069,0.18412624,0,4,0,"2018-01-24",8530323770842618880
"233",19.266642,0.054948,5.972002,0.012012649,0.105187304,0,3,0,"2018-01-27",7929051477785046016
"1198",0,0,0,0.01599165,0.03068517,1,23,0,"2018-01-21",4672379463779748864
"1610",17.126905,0.035024818,0,0.015374577,0.036676917,0,0,0,"2018-01-27",-4593390417958236672
"1452",0,0,0,0.01984656,0.023647746,1,5,0,"2018-01-23",5152161011087407104
"680",0,0,0.8842881,0.018886503,0.018954504,1,18,0,"2018-01-23",-5828252839757033472
"131",0,0,0.621485,0.00648466,0.0050326944,1,12,0,"2018-01-24",1861515439563363328
"1314",11.376131,0.27573338,2.8440328,0.015365589,0.026456175,1,11,0,"2018-01-23",-4246715430060585472
"1067",0,0.27846646,0,0.016063346,0.019568449,1,0,0,"2018-01-24",6135677934545197056
"1635",0,0,0,0.02695068,0.07257831,1,3,1,"2018-01-27",1242265857543364096
"232",23.653376,0.24447446,5.913344,0.013437457,0.09796194,0,1,0,"2018-01-23",-2363588769751115776
"630",0,0,0,0.012970744,0.019643046,0,15,0,"2018-01-26",2666095119806832128
"1434",0,0,0,0.016349062,0.020381302,0,1,0,"2018-01-25",551566471067073792
"1344",6.3673224,0.04097366,0,0.0055095744,0.0026894978,1,1,0,"2018-01-21",-3696411351851333120
"1616",7.715847,0.049964216,0,0.0135573065,0.019871669,0,13,0,"2018-01-25",-3214316587352202752
"531",0,0,0,0.02861361,0.028876314,0,15,0,"2018-01-26",8238500898095513600
"566",0,0,0,0.009536741,0.007633588,0,9,0,"2018-01-27",8530323770842618880
"1168",0,0,0,0.021372879,0.020408163,1,1,0,"2018-01-25",-4175733961318103552
"78",0,0,2.5900128,0.03303518,0.035273127,0,27,0,"2018-01-24",-4246715430060585472
"1451",0,0.15198159,0,0.009680904,0.014969248,1,15,1,"2018-01-24",8947106012270616576
"1200",0,0,2.0334647,0.02009955,0.019569498,1,10,0,"2018-01-25",-3623880078591607808
"1643",0,0,0,0.013888889,0.014705882,1,8,0,"2018-01-26",7651831109132427264
"165",0,0,0,0.0077562258,0.02041192,0,1,1,"2018-01-25",-4175733961318103552
"367",0,0,2.76491,0.014436882,0.01640959,0,1,1,"2018-01-24",-7731275881257459712
"1134",0,0,2.9244912,0.0083194515,0.007913279,1,0,0,"2018-01-26",-7613806991329176576
"339",0,0,1.7507238,0.0169361,0.0069400254,1,10,0,"2018-01-27",-3490894261616722944
"335",17.379889,0.059550103,6.531411,0.0091743115,0.010204081,0,3,0,"2018-01-25",-7613806991329176576
"948",21.344843,0.39919907,0,0.040386945,0.042651635,1,27,0,"2018-01-24",6668372929844503552
"495",0,0,0,0.011152288,0.22706081,0,6,0,"2018-01-24",4.315422483091e+18
"1258",0,0,0.085782,1e-06,1e-06,1,9,0,"2018-01-21",9202726581177086976
"957",0,0,2.9839456,0.011627907,0.009708738,1,13,0,"2018-01-24",-4832316967726682112
"1149",9.274346,0.07080145,2.9802287,0.0144587625,0.018615657,1,20,0,"2018-01-24",-3696411351851333120
"853",11.718904,0.9257606,2.929726,0.011897157,0.012820513,1,14,0,"2018-01-23",4.315422483091e+18
"1545",0,0.012575457,0.65748835,0.009886548,0.0062111802,1,1,0,"2018-01-23",-507318753207970304
"299",0,0,0,0.010019042,0.01272155,1,11,0,"2018-01-23",6486711527107561472
"60",14.288717,0,4.4611554,0.0117493505,0.014802919,0,0,0,"2018-01-25",1424940020905479168
"533",10.773323,0.06762571,2.0796657,0.009371052,0.009329688,1,2,0,"2018-01-26",-2405515834613861376
"1011",0,0,0.44507906,0.009533083,0.01111163,0,16,0,"2018-01-24",-4530023448177795584
"242",0,0.056406297,2.1644611,0.021063201,0.06678385,0,23,0,"2018-01-26",-461013632408289408
"192",0,0.01981625,1.6941539,0.021231981,0.021553678,0,4,0,"2018-01-25",6668372929844503552
"672",0,0,1.4134828,0.014875158,0.029166484,1,7,0,"2018-01-25",-7435860353377593344
"175",0,0,1.27295,0.014507702,0.012802513,0,3,0,"2018-01-21",-461013632408289408
"486",0,0.82502735,0.120831095,0.021503618,0.014092775,0,4,0,"2018-01-23",8530323770842618880
"1669",11.896333,0,2.9740832,0.012140778,0.015710846,0,1,0,"2018-01-25",2666095119806832128
"1051",0,0,0,0.020231228,0.014403227,0,22,0,"2018-01-23",-7268106225594404864
"332",10.363063,0.066041045,3.141765,0.015998129,0.013888889,0,0,0,"2018-01-24",-1340663555360675840
"443",0,0,0,0.020984547,0.18528742,0,15,0,"2018-01-26",8530323770842618880
"1211",16.525082,0.04055643,3.544712,0.014925373,0.01713523,1,6,0,"2018-01-24",8530323770842618880
"1374",0,0.056266844,0,0.02307161,0.019756675,1,94,0,"2018-01-21",7711989119986958336
"372",8.541189,0.053556807,2.703377,0.009672761,0.008608911,1,2,0,"2018-01-21",-507318753207970304
"525",0,0,1.4564607,0.015300614,0.009807579,0,11,0,"2018-01-23",7711989119986958336
"1328",0,0,0,1e-06,0.0019005461,0,13,0,"2018-01-23",-507318753207970304
"1071",7.2565503,0,0,0.03590179,0.040738072,0,21,0,"2018-01-24",-461013632408289408
"1105",0,0,2.4663904,0.04188686,0.046342906,0,25,0,"2018-01-26",-4397799785543263232
"1181",0,1.07242,0.14644845,0.026200965,0.02550945,1,21,0,"2018-01-24",4672379463779748864
"445",0,0,0.073249616,1e-06,0.01952345,0,2,0,"2018-01-26",1733282013472489728
"1347",20.793617,0.08302951,6.2987986,0.021030668,0.014462892,1,17,0,"2018-01-22",1717515879473504000
"214",0,0,2.146137,0.0077898214,0.0064591086,0,19,0,"2018-01-21",8530323770842618880
"1315",0,0,0,0.016230218,0.00952381,1,10,0,"2018-01-26",-4092669534112985088
"798",0,0,0,0.012059083,0.022503017,1,19,0,"2018-01-23",8238500898095513600
"1564",13.726882,0.48184153,3.4317205,0.016949153,0.0072036623,1,64,0,"2018-01-23",-3623880078591607808
"580",0,0.11146347,0,0.013031285,0.008333334,1,0,0,"2018-01-23",6135677934545197056
"1184",0,0,0,0.015596465,0.028338691,0,5,0,"2018-01-24",-6119409206348088320
"1331",0,0,1.0000165,1e-06,1e-06,1,1,0,"2018-01-25",-8850268828492112896
"515",0,0,0,0.020293644,0.06461893,0,0,0,"2018-01-23",-2363588769751115776
"155",0,0.2182381,0.017769957,0.010862528,0.01012385,0,1,0,"2018-01-25",8238500898095513600
"1158",0,0,0.22874328,1e-06,0.0678664,0,5,0,"2018-01-25",8530323770842618880
"1144",0,0.05333203,0,0.016394077,0.03461781,0,0,0,"2018-01-23",-6998215076096305152
"1353",0,0.27862594,0,0.051675513,0.052669276,0,8,0,"2018-01-25",-2045482504961250560
"1453",0,0,1.046226,0.01958109,0.01819236,0,9,0,"2018-01-26",-4246715430060585472
"97",8.210199,0,2.4884324,0.01639324,0.015917454,0,1,0,"2018-01-23",-1801735171625689344
"1571",0,0,2.381821,0.009615385,0.00990099,1,23,0,"2018-01-26",1859453293393938688
"1625",0,1.802497,0.21301499,0.024196314,0.020408163,1,18,0,"2018-01-26",3820235585099670016
"836",10.920769,0.24723828,2.7301922,0.016237717,0.0147829205,1,0,0,"2018-01-21",-4246715430060585472
"1263",12.923827,0.032245345,2.7940867,0.01573983,0.015779389,1,4,0,"2018-01-21",8530323770842618880
"662",0,0.012185973,0.844904,0.013915761,0.013077825,0,0,0,"2018-01-23",-7.816813376592e+18
"207",0,0,0,0.024741514,0.035101216,0,2,0,"2018-01-21",7929051477785046016
"769",16.258512,0.3095152,4.064628,0.015151516,0.02948159,0,25,0,"2018-01-22",-6416566229012080640
"1554",19.572762,0.25243688,4.8931904,0.02280383,0.0523234,0,26,0,"2018-01-21",-3623880078591607808
"1164",5.4022083,0.037381954,1.6372218,0.01639324,0.015917454,0,0,0,"2018-01-23",9124072227722530816
"1243",0,0.095019765,0,0.014650999,0.04294176,1,1,1,"2018-01-24",1384646523120192000
"561",0,0,0,0.0126030855,0.012034924,1,6,0,"2018-01-25",3137307170067786240
"1324",13.344911,0.18404686,3.3362277,0.014600819,0.020259557,0,8,1,"2018-01-27",7711989119986958336
"1142",0,0.03659555,1.7036622,0.012440285,0.012987013,1,4,0,"2018-01-27",284924936766195200
"350",8.493703,0.21066171,2.1234257,0.015497001,0.009409189,0,5,0,"2018-01-26",2029928808769267712
"1245",0,0,1.9609573,0.028389156,0.031249866,1,6,0,"2018-01-27",-7757112988245222400
"654",15.090329,0.06273237,4.574928,0.02046353,0.03306805,0,7,1,"2018-01-24",-944933816209602048
"752",0,0,0,0.008789065,0.06600097,1,6,1,"2018-01-21",-461013632408289408
"135",0,0,1.5353507,0.009427575,0.031466704,0,2,0,"2018-01-25",-8060438743201922048
"1013",0,0,0,0.032193486,0.032223716,1,19,0,"2018-01-23",-7731275881257459712
"1234",0,0,1.2531502,1e-06,0.016034052,1,17,0,"2018-01-26",-8220869288454573056
"347",0,0,1.5954489,0.02373136,0.022856494,1,4,0,"2018-01-22",-4593390417958236672
"296",12.638457,0.035574224,3.8430293,0.026736557,0.044461552,0,7,0,"2018-01-23",8530323770842618880
"52",0,0,0,0.026355602,0.09274239,0,3,1,"2018-01-23",6486711527107561472
"234",0,0,3.2116404,0.018181818,0.07317684,1,25,0,"2018-01-25",5888229449299174400
"701",0,0,0,0.012803993,0.012981127,0,2,0,"2018-01-24",-3623880078591607808
"979",0,0,0.40740824,0.0073915105,0.008568719,1,22,0,"2018-01-25",-507318753207970304
"439",0,0,2.7202554,0.01799355,0.13525827,1,5,0,"2018-01-23",-1614082818015232512
"754",0,0.030769432,3.6740847,0.009948665,0.006060606,0,4,0,"2018-01-23",-4397799785543263232
"1416",0,0.07233202,0,0.025687248,0.025667042,0,1,0,"2018-01-27",-4175733961318103552
"1005",0,0,0,0.007569329,0.008422563,0,23,0,"2018-01-21",4.315422483091e+18
"1031",0,0,2.122957,0.0054680365,0.0056309868,0,1,1,"2018-01-23",4911506883166819328
"1343",0,0,0,0.013338542,0.054976583,1,3,0,"2018-01-23",1384646523120192000
"311",0,0.39077353,0,0.014066462,0.019582836,0,6,0,"2018-01-23",-1305520379511432704
"1318",0,0,0,0.008196721,0.00729927,0,19,0,"2018-01-21",-7731275881257459712
"124",0,0,0,0.009790368,0.009258714,0,3,0,"2018-01-23",387174923953940480
"683",0,0.2329311,0,0.01093228,0.02918837,1,15,0,"2018-01-24",-6998215076096305152
"871",0,0,1.4670055,0.0121829165,0.01121313,0,4,0,"2018-01-21",4672379463779748864
"1387",29.719028,0.33343476,5.4382634,0.01530287,0.15718755,0,20,0,"2018-01-24",-7435860353377593344
"285",9.767559,0,0,0.0134982085,0.008196721,0,0,0,"2018-01-23",-461013632408289408
"1348",0,0,0,0.012374055,0.011517764,0,5,0,"2018-01-21",731257982052660480
"644",6.388509,0.23800445,1.5971272,0.026420286,0.028859083,0,23,0,"2018-01-25",8238500898095513600
"855",0,0,0,0.016949153,0.018518519,1,12,0,"2018-01-23",8238500898095513600
"619",0,0,0,0.012396759,0.010285196,1,17,0,"2018-01-21",6135677934545197056
"1574",16.28147,0.06895103,4.9360456,0.023957107,0.08223708,0,8,0,"2018-01-25",7929051477785046016
"1523",0,0.16479458,0,0.010702125,0.019190785,0,23,0,"2018-01-25",8147585998651961344
"1231",0,0.19418007,0,0.020690724,0.012853329,1,18,0,"2018-01-21",4.315422483091e+18
"1369",21.21232,0.05977589,4.542393,0.024222003,0.036324117,1,9,0,"2018-01-24",-3214316587352202752
"1472",0,0,0,0.006346899,0.0062366636,1,3,1,"2018-01-21",4911506883166819328
"987",0,0,2.1952014,0.017755443,0.027863482,1,1,0,"2018-01-26",-507318753207970304
"224",0,0,0.77000105,0.0130701,0.012118771,0,14,0,"2018-01-23",1861515439563363328
"1131",0,0,1.9547447,0.0075113135,0.007633215,0,15,0,"2018-01-24",-7731275881257459712
"1223",0,0,0,0.015730467,0.030502614,1,0,0,"2018-01-24",-944933816209602048
"113",0,0,4.5713363,0.015522897,0.0121951215,0,1,0,"2018-01-25",-5441447297614617600
"1686",0,0.08486457,0,0.0038225232,0.0051124226,1,5,1,"2018-01-24",-6998215076096305152
"322",0,0,3.4432533,1e-06,1e-06,1,5,0,"2018-01-25",-461013632408289408
"1425",11.61643,0,0,0.02475974,0.02796905,0,23,0,"2018-01-21",-1614082818015232512
"462",0,0,1.2225195,0.018881388,0.020018999,0,2,0,"2018-01-25",8147585998651961344
"1636",0,0.028655484,3.7935426,0.019407356,0.013719021,1,3,0,"2018-01-21",-1340663555360675840
"857",0,0.7791892,0.10372011,0.025700204,0.07670898,1,15,0,"2018-01-25",9124072227722530816
"383",0,0,0,0.017265974,0.014705882,1,1,0,"2018-01-27",-4593390417958236672
"1193",0,0,0,1e-06,0.029892463,0,14,0,"2018-01-26",-4414251511891853824
"1665",12.929989,0,3.2324972,0.010583856,0.013007509,0,28,0,"2018-01-24",8530323770842618880
"324",0,0,0,0.017180119,0.022087088,1,13,0,"2018-01-25",-8060438743201922048
"389",18.91586,0.017586485,5.143507,0.016324293,0.16497666,1,27,0,"2018-01-21",-7268106225594404864
"1662",11.28647,0,3.421714,0.012270596,0.022295376,1,10,0,"2018-01-26",-8060438743201922048
"633",25.744236,0.06567498,5.5075397,0.014067418,0.09706632,0,21,0,"2018-01-23",8147585998651961344
"227",5.725567,0.015465048,1.7358174,0.0148489615,0.025011206,0,2,0,"2018-01-21",-3696411351851333120
"162",0,0,1.9035616,0.016910302,0.03608816,1,5,0,"2018-01-21",8822383975910322176
"1264",0,0,0,0.015955735,0.034487005,1,14,0,"2018-01-26",-7731275881257459712
"1578",0,0,0.93367976,1e-06,0.029961217,0,13,0,"2018-01-23",-461013632408289408
"1250",0,0,0,0.0113980295,0.013082626,0,3,0,"2018-01-26",-1614082818015232512
"652",0,0.12677133,0,0.017173922,0.016569993,1,5,0,"2018-01-27",-3623880078591607808
"893",0,0.24083087,0,0.017502699,0.017517073,1,39,0,"2018-01-21",1861515439563363328
"764",29.373837,0.75639355,5.192612,0.0121951215,0.014084507,1,22,0,"2018-01-26",-547059124907035648
"337",0,0.9610542,0.13965873,0.019706279,0.072417445,0,2,0,"2018-01-25",3519666681604228608
"1590",0,0,0,0.006089004,0.009432489,0,11,0,"2018-01-21",-944933816209602048
"1177",0,0,0,0.015941206,0.013309157,0,23,0,"2018-01-21",1384646523120192000
"1371",0,0,0,0.012859372,0.013246523,1,1,0,"2018-01-24",-1614082818015232512
"959",0,0,2.5308714,1e-06,1e-06,1,21,0,"2018-01-24",-7054510112423797760
"748",17.600138,0,3.7403517,0.010869565,0.009009009,1,1,0,"2018-01-26",6486711527107561472
"1284",0,0,1.9545697,0.013433912,0.0125,1,2,0,"2018-01-24",-1592769939201928704
"526",0,0,2.4307032,0.015300614,0.008695652,0,2,0,"2018-01-23",-4832316967726682112
"1112",0,0,0,0.009104415,0.010031659,1,13,0,"2018-01-21",-547059124907035648
"530",0,0,4.015071,0.0113716135,0.01608555,0,1,0,"2018-01-24",6668372929844503552
"933",13.914808,0.29157284,3.478702,0.011494253,0.045372296,1,11,0,"2018-01-24",-4246715430060585472
"1111",0,0.31257185,0,0.028046317,0.071380086,1,2,0,"2018-01-27",-2045482504961250560
"309",9.600269,0,0,0.01916031,0.04095284,1,6,0,"2018-01-23",-8220869288454573056
"736",0,0,0,0.009735954,0.010288861,1,3,1,"2018-01-23",-3623880078591607808
"438",0,0.018889373,3.373213,0.01737168,0.04011411,1,12,0,"2018-01-23",-1614082818015232512
"301",0,0,2.0114348,0.008155666,0.008568558,1,3,0,"2018-01-25",8530323770842618880
"1321",0,0,1.2989947,0.011111111,0.059060343,1,7,0,"2018-01-21",4.315422483091e+18
"396",0,0,3.2082253,0.0056039407,0.008350742,0,3,0,"2018-01-23",538133316569865920
"694",26.54666,0,0,0.015076492,0.06914242,1,6,0,"2018-01-23",-1614082818015232512
"1064",0,0,0,0.023792619,0.019801341,0,24,0,"2018-01-21",387174923953940480
"437",27.474552,0.04525051,5.438185,0.014301061,0.30014804,0,22,0,"2018-01-27",-461013632408289408
"505",0,0,3.7840707,0.00921292,0.011857191,0,16,0,"2018-01-24",-4246715430060585472
"852",0,0,0,0.010204081,0.010869565,1,7,0,"2018-01-25",-4246715430060585472
"564",0,0.015789187,1.2211994,0.007880088,0.009695318,0,9,0,"2018-01-21",-1614082818015232512
"502",0,0,1.0074451,0.027197719,0.03544818,0,25,0,"2018-01-24",-2045482504961250560
"1411",24.059826,0.22288574,4.2742887,0.013888889,0.03356106,1,7,1,"2018-01-26",-4246715430060585472
"1682",0,0.592095,0.118115686,0.012331134,0.016036097,1,21,0,"2018-01-27",4.315422483091e+18
"116",26.804707,0.08543571,4.885251,0.0062111802,0.14461981,0,9,0,"2018-01-26",-7268106225594404864
"885",0,0.26843545,0,0.024002085,0.05339727,0,21,0,"2018-01-26",-1592769939201928704
"87",0,0,0,0.01018073,0.018062742,0,0,0,"2018-01-21",-7435860353377593344
"552",35.52642,0,7.6349244,0.008928572,0.21758446,0,7,1,"2018-01-23",-3623880078591607808
"874",0,0.11456306,0,0.009904436,0.008332015,0,4,1,"2018-01-21",2666095119806832128
"1182",0,0,0.8178861,0.011904762,0.015155738,1,20,0,"2018-01-24",7071217935712041984
"795",0,0.1100771,0,0.014906171,0.031768203,1,25,0,"2018-01-21",-7706973126229505024
"39",0,0.20771845,0,0.012005869,0.016141344,1,8,0,"2018-01-24",6668372929844503552
"472",0,0,0,0.010873746,0.011112997,0,5,0,"2018-01-26",8822383975910322176
"201",0,0,0,0.013003017,0.03694064,1,13,0,"2018-01-24",-4397799785543263232
"1156",0,0,0,0.009196828,0.011956932,1,1,1,"2018-01-26",4.315422483091e+18
"562",0,0,0,0.010038987,0.033837482,0,1,0,"2018-01-24",-944933816209602048
"678",0,0,1.2845955,1e-06,1e-06,0,2,0,"2018-01-21",3519666681604228608
"1293",0,0.15170497,0,0.031445727,0.03521238,1,7,0,"2018-01-24",-4092669534112985088
"179",0,0,0.8762445,0.00640453,0.007351615,1,9,0,"2018-01-27",-4530023448177795584
"283",0,0,0,0.009943644,0.0062939697,1,4,0,"2018-01-21",-2363588769751115776
"974",0,0,0.13688815,1e-06,1e-06,0,1,0,"2018-01-23",-3623880078591607808
"865",0,0,0,0.010958705,0.008327931,0,9,0,"2018-01-23",4672379463779748864
"204",0,0,0,0.011105345,0.021402698,0,14,0,"2018-01-23",9202726581177086976
"1683",0,0,0,0.01677745,0.016372196,1,13,0,"2018-01-24",1717515879473504000
"1622",0,0,0,0.008064516,0.0070422534,0,2,0,"2018-01-23",-4832316967726682112
"19",0,0,0,1e-06,0.06693271,0,23,0,"2018-01-27",-4397799785543263232
"9",11.992127,0.11823738,3.4628346,0.017336734,0.05084401,0,23,0,"2018-01-25",4.315422483091e+18
"612",0,0,2.4362364,0.0067782146,0.013432885,1,20,0,"2018-01-23",-343291002699454464
"1630",26.168,0.30284578,4.6259127,0.01584156,0.024177775,1,10,0,"2018-01-21",1859453293393938688
"434",5.6370673,0.011670339,1.6651642,0.013100519,0.01403172,0,4,0,"2018-01-27",3820235585099670016
"1269",0,0,0,0.015149077,0.041555434,0,187,0,"2018-01-21",4.315422483091e+18
"520",0,0,0,0.011439982,0.011005312,1,0,0,"2018-01-23",-5302120391854416896
"1681",0,0,0.94147694,0.0052430863,0.00867413,0,18,0,"2018-01-21",8277174670639225856
"1370",14.909622,0,4.527943,0.01904762,0.039028943,0,3,0,"2018-01-23",-2116037838471271936
"614",0,0.34351882,0.03302981,0.013173767,0.08740863,1,0,0,"2018-01-26",-7731275881257459712
"1399",0,0,0,0.013753038,0.015344679,1,2,1,"2018-01-26",4.315422483091e+18
"653",15.090329,0.06273237,4.574928,0.02046353,0.03306805,0,7,0,"2018-01-24",-944933816209602048
"1675",0,0,1.2823654,0.01846131,0.019722268,1,28,0,"2018-01-26",4472355156601730560
"344",14.746689,0.025767166,5.7908287,0.032722488,0.03599103,0,3,0,"2018-01-24",-7485608206391772160
"71",0,0,0,0.01583196,0.02173913,1,12,1,"2018-01-25",1861515439563363328
"560",28.112461,0.25931996,4.9698906,0.021140842,0.02994346,1,20,0,"2018-01-23",-4175733961318103552
"1595",0,0,2.0461173,0.0028490028,0.0026666666,0,18,0,"2018-01-23",8822383975910322176
"62",14.288717,0,4.4611554,0.0117493505,0.014802919,0,0,1,"2018-01-25",1424940020905479168
"905",0,0.092236415,0,1e-06,0.019524775,1,13,0,"2018-01-24",-859190551995821568
"1491",22.182983,0,4.646696,0.011508156,0.014708228,0,2,1,"2018-01-26",284924936766195200
"737",0,0,0,0.009735954,0.010288861,1,3,1,"2018-01-23",-3623880078591607808
"382",0,0,1.0292568,0.016017064,0.008208745,0,12,0,"2018-01-23",-547059124907035648
"452",0,0.41339406,0,0.022790935,0.022130337,1,1,1,"2018-01-24",-4832316967726682112
"508",0,0.6782918,1.1518856,0.01957843,0.015852699,1,8,0,"2018-01-24",8530323770842618880
"1065",31.461983,0.068070516,6.7776623,0.032085426,0.24556175,1,16,0,"2018-01-21",3519666681604228608
"1280",26.209618,0.039330933,0,0.030310925,0.016129032,1,12,0,"2018-01-23",3519666681604228608
"444",0,0,0.073249616,1e-06,0.01952345,0,2,1,"2018-01-26",1733282013472489728
"991",8.500475,0.028523747,2.4656267,0.0125719,0.030951997,1,10,0,"2018-01-23",-1614082818015232512
"168",0,0,1.9553283,1e-06,1e-06,0,1,0,"2018-01-25",-4593390417958236672
"181",0,0,3.3782537,0.010635897,0.021993548,0,14,0,"2018-01-25",8530323770842618880
"1043",4.2007484,0.17519139,0,0.017670523,0.044293147,1,5,0,"2018-01-25",-6998215076096305152
"1596",14.572257,0.304047,4.0068545,0.017014334,0.024579145,1,14,0,"2018-01-27",-6998215076096305152
"790",17.179817,0.0136352135,5.0396423,0.011114694,0.16645794,0,5,0,"2018-01-22",-7268106225594404864
"949",35.814693,0.061692953,2.8825257,0.020652674,0.037768554,1,20,0,"2018-01-25",-1340663555360675840
"59",14.288717,0,4.4611554,0.0117493505,0.014802919,0,0,1,"2018-01-25",1424940020905479168
"956",0,0.25457394,0,0.015139466,0.018677048,0,0,0,"2018-01-24",4672379463779748864
"409",0,0,0.63116306,0.009438033,0.013273418,1,5,0,"2018-01-24",-3623880078591607808
"249",10.331706,0.04247446,0,0.020499585,0.020784307,1,12,0,"2018-01-23",8822383975910322176
"169",0,0,2.6078775,1e-06,1e-06,0,0,0,"2018-01-25",-4593390417958236672
"589",0,0,0,0.013808802,0.013278722,1,2,0,"2018-01-26",-6119409206348088320
"937",0,0,1.406283,0.012515911,0.03456046,1,24,0,"2018-01-26",-6998215076096305152
"79",0,0,0,0.009425506,0.031379018,1,17,0,"2018-01-24",-4530023448177795584
"1375",0,0,1.3809997,0.012393236,0.032900352,1,3,0,"2018-01-27",-6998215076096305152
"1050",8.875437,0,2.6901436,0.016869541,0.018072799,1,1,0,"2018-01-25",-7435860353377593344
"776",0,0,0,0.01231755,0.011663732,0,1,0,"2018-01-24",4.315422483091e+18
"156",0,0.16610606,0,0.024639064,0.0264778,1,8,0,"2018-01-25",-4877799383121009664
"483",0,0,0,0.011158553,0.027793983,1,10,0,"2018-01-24",8822383975910322176
"1385",0,0,0,0.014557293,0.014468558,0,2,0,"2018-01-24",-7757112988245222400
"474",0,0,0,0.022265604,0.023098264,0,18,0,"2018-01-21",-9049387715076603904
"1028",0,0,2.1478584,0.0054680365,0.0056309868,0,1,0,"2018-01-23",4911506883166819328
"693",26.54666,0,0,0.015076492,0.06914242,1,6,1,"2018-01-23",-1614082818015232512
"1456",14.790496,0,0,0.028632699,0.0471987,0,16,1,"2018-01-24",-461013632408289408
"1351",0,0,0.9505303,0.019837484,0.010869565,0,25,0,"2018-01-21",6578616450419555328
"1252",0,0,0,0.00802566,0.010305372,1,12,0,"2018-01-24",-1627412911764431360
"1647",23.75916,0.015671976,5.3112817,0.020938652,0.14122252,0,16,0,"2018-01-25",-507318753207970304
"408",10.59445,0,3.3938072,0.0062838052,0.021157244,1,0,0,"2018-01-25",-7268106225594404864
"1449",0,0.054810375,1.830815,0.0077535016,0.011605046,0,11,0,"2018-01-23",538133316569865920
"920",0,0,0,0.0050953603,0.00574974,0,0,0,"2018-01-23",-7706973126229505024
"1650",0,0,2.8384778,0.012494151,0.011749818,1,12,0,"2018-01-27",-1614082818015232512
"1589",0,0,0,0.015277393,0.013771144,1,3,1,"2018-01-21",-1358790659540763136
"10",8.298727,0,0,0.01916031,0.018750183,1,0,0,"2018-01-23",9124072227722530816
"106",35.442467,0.076732375,7.6905212,0.025477938,0.18747441,1,8,0,"2018-01-23",-2633997089996197376
"149",0,0.15354773,0.012480248,0.014877373,0.010757603,0,7,0,"2018-01-23",-1614082818015232512
"1219",0,0,1.3096262,0.020887192,0.02102365,0,0,0,"2018-01-23",-8590866678120160256
"1492",22.182983,0,4.646696,0.011508156,0.014708228,0,2,0,"2018-01-26",284924936766195200
"1570",0,0.02550975,4.880619,0.013344019,0.01650272,1,20,0,"2018-01-24",-7268106225594404864
"888",21.039804,0.043610398,4.5701714,0.012864857,0.011638488,1,1,1,"2018-01-24",-461013632408289408
"512",0,0.20640448,0,0.012477949,0.0155852605,0,3,0,"2018-01-21",8822383975910322176
"1624",0,0,0,0.008550064,0.006993657,1,1,0,"2018-01-23",-4530023448177795584
"1221",0,0,0.5500742,0.019392887,0.021751883,0,0,0,"2018-01-25",4672379463779748864
"1659",0,0.10601219,0,0.015554835,0.017224869,1,12,0,"2018-01-25",1384646523120192000
"315",0,0,0,0.020715507,0.021884479,1,22,0,"2018-01-27",-7054510112423797760
"1100",15.172673,0.024587676,0,0.019961294,0.054407835,1,4,0,"2018-01-23",3519666681604228608
"163",0,0,0,0.017394252,0.047064953,1,3,0,"2018-01-23",-7731275881257459712
"82",17.300793,0.051099744,0,0.015366703,0.036583953,0,12,0,"2018-01-26",-4593390417958236672
"1054",0,0,0,0.020231228,0.014403227,0,22,0,"2018-01-23",-7268106225594404864
"679",0,0,1.6253586,0.014544617,0.051870782,0,0,0,"2018-01-23",-7731275881257459712
"801",0,0.83109534,0.1320728,0.019683983,0.02299907,0,7,0,"2018-01-25",8530323770842618880
"49",0,0,0,0.006162801,0.007262751,1,0,0,"2018-01-24",-866223399462429184
"400",0,0,0.9673778,0.008597852,0.009200607,1,3,0,"2018-01-27",-4530023448177795584
"1533",14.127832,0,3.0571098,0.0169361,0.01689469,0,2,0,"2018-01-27",8530323770842618880
"695",0,0,1.2875087,0.014430728,0.013513514,0,12,0,"2018-01-24",-4175733961318103552
"428",14.399108,0.044760276,4.3653708,0.030255489,0.031584106,1,19,0,"2018-01-21",-4397799785543263232
"118",0,0,0.07070209,0.022516012,0.01754386,1,17,0,"2018-01-26",-5302120391854416896
"666",0,0,0,0.012508091,0.011289444,0,2,0,"2018-01-26",8238500898095513600
"544",0,0,3.7630439,0.018801907,0.0207623,0,18,0,"2018-01-25",-1305520379511432704
"451",0,0.41339406,0,0.022790935,0.022130337,1,1,0,"2018-01-24",-4832316967726682112
"638",0,0,2.6413198,0.021909328,0.017131587,0,53,0,"2018-01-24",-7731275881257459712
"366",0,0,2.76491,0.014436882,0.01640959,0,1,0,"2018-01-24",-7731275881257459712
"144",0,0,0.07964963,0.01618717,0.02715031,1,6,0,"2018-01-21",-5302120391854416896
"963",0,0,0,0.007739299,0.0070964466,0,6,0,"2018-01-25",1195981532243725312
"197",0,0,0,0.01369863,0.014285714,0,7,0,"2018-01-24",-866223399462429184
"1476",0,0.03036797,2.5471938,0.026602462,0.061676044,0,5,0,"2018-01-27",-7629288313022301184
"830",0,0.27779728,0,0.022462074,0.01923077,1,1,0,"2018-01-25",-4246715430060585472
"1357",0,0,4.4693804,0.014925373,0.013333334,1,4,0,"2018-01-21",-4414251511891853824
"682",14.5135,0.05190512,5.479273,0.035965476,0.05515002,0,2,0,"2018-01-25",8530323770842618880
"195",12.550215,0.03061143,3.804843,0.012236729,0.031999823,0,3,0,"2018-01-25",-7613806991329176576
"1646",0,0,0.9368524,0.009034275,0.021136548,1,28,0,"2018-01-26",-4530023448177795584
"1465",0,0,3.3558724,0.0064710258,0.029060073,0,16,0,"2018-01-25",284924936766195200
"153",0,0.029178172,0,0.012236729,0.012620847,0,1,0,"2018-01-25",8238500898095513600
"1393",0,0.047348086,0,0.009494048,0.010583867,1,6,0,"2018-01-24",8822383975910322176
"645",10.839418,0.07878878,3.271567,0.016394077,0.048149977,0,0,0,"2018-01-23",-7867367934152049664
"667",18.71727,0.0422529,4.0504932,0.009787272,0.03815987,0,8,0,"2018-01-24",8530323770842618880
"980",13.949026,0.020419663,4.2304077,0.01846131,0.05798399,0,9,0,"2018-01-25",8822383975910322176
"432",14.114868,0.85323554,3.528717,0.02168606,0.025902497,1,2,0,"2018-01-25",-6998215076096305152
"1560",0,0.030743629,1.4822854,0.018306071,0.055511042,0,3,0,"2018-01-25",-7435860353377593344
"150",5.9875712,0.017020408,2.0437639,0.013151488,0.033983298,0,17,0,"2018-01-25",4668204224781136896
"31",0,0,0,0.014738449,0.012876882,0,12,0,"2018-01-21",-4397799785543263232
"1310",0,0,3.1238482,0.012698271,0.04069521,0,18,0,"2018-01-27",-944933816209602048
"1246",12.994424,0.026301304,4.6368356,0.009466533,0.14122252,1,21,0,"2018-01-24",-507318753207970304
"1435",0,0,0,0.016349062,0.020381302,0,1,1,"2018-01-25",551566471067073792
"1301",0,0.037526924,1.1873338,0.020650044,0.060478833,0,8,0,"2018-01-26",8530323770842618880
"107",0,0,0,0.025192672,0.029991277,0,2,0,"2018-01-26",-7731275881257459712
"1654",26.043863,0.060064793,5.5969157,0.019758182,0.02331994,1,23,0,"2018-01-26",-3623880078591607808
"464",0,0,0.64554864,0.0134541495,0.014192522,0,1,0,"2018-01-21",3820235585099670016
"1141",0,0.2791401,0,0.019854244,0.020571867,0,0,0,"2018-01-24",8822383975910322176
"859",0,0,0.10674988,0.025703646,0.025392659,0,16,0,"2018-01-24",-3623880078591607808
"799",10.247288,0.06954118,3.5990348,0.013333334,0.011494253,1,11,0,"2018-01-21",6486711527107561472
"117",0,0.49696872,0.059178554,0.014298386,0.012669347,1,12,0,"2018-01-21",7929051477785046016
"582",0,0,0,0.024298329,0.06736464,0,4,0,"2018-01-23",-1340663555360675840
"623",17.414797,0,5.3098307,0.016259968,0.028946443,1,8,0,"2018-01-23",-4414251511891853824
"592",14.027737,0.030757604,4.1436334,0.012586433,0.0151529005,0,1,0,"2018-01-25",-4246715430060585472
"191",0,0,0,0.0097198235,0.00899522,0,24,0,"2018-01-25",-1614082818015232512
"305",0,0,2.8187473,1e-06,1e-06,0,1,0,"2018-01-26",-7731275881257459712
"1088",14.003042,0,4.3170786,0.015835658,0.014595346,0,3,0,"2018-01-25",3519666681604228608
"647",28.363754,0.51921093,5.0146723,0.020112306,0.08270861,1,17,0,"2018-01-25",-4175733961318103552
"1530",0,0.2724117,0,0.01598178,0.014285714,0,1,0,"2018-01-25",-3623880078591607808
"1289",0,0,0.21504655,1e-06,1e-06,0,63,0,"2018-01-23",3519666681604228608
"1621",0,0,0.26186407,0.017829604,0.0843409,0,5,0,"2018-01-23",-3623880078591607808
"516",0,0,0,0.015559089,0.016666668,0,5,0,"2018-01-26",-4593390417958236672
"1446",0,0.07809525,2.2756474,0.017805312,0.017211653,0,1,0,"2018-01-27",8530323770842618880
"1516",0,0,0,0.0074703116,0.0065789474,0,5,0,"2018-01-24",-5302120391854416896
"32",0,0,0,0.015590695,0.043449953,1,6,0,"2018-01-23",-5302120391854416896
"1359",0,0.12414737,0,0.011029985,0.00729927,1,8,0,"2018-01-23",-4414251511891853824
"147",0,0,0,0.018592592,0.03433586,0,6,1,"2018-01-23",-2363588769751115776
"321",21.90818,0.017871065,4.7753887,0.013157052,0.19614714,0,21,1,"2018-01-25",-1614082818015232512
"1685",0,0.08486457,0,0.0038225232,0.0051124226,1,5,0,"2018-01-24",-6998215076096305152
"656",15.947648,0,3.131012,0.024912337,0.027712349,0,27,1,"2018-01-23",-4175733961318103552
"300",0,0,1.3323638,0.009959758,0.006409808,0,4,0,"2018-01-21",-4530023448177795584
"1290",0,0.17162338,0,1e-06,0.0049450896,0,1,0,"2018-01-25",-4530023448177795584
"1303",0,0.18672398,0,0.027755462,0.066357605,0,13,0,"2018-01-24",-5441447297614617600
"1614",0,0,0,0.007240467,0.0061111795,0,2,0,"2018-01-24",8530323770842618880
"286",0,0,0,0.010439138,0.014304938,0,9,0,"2018-01-25",7711989119986958336
"420",0,0,2.4539561,0.014479688,0.029229846,0,13,0,"2018-01-25",-4530023448177795584
"1306",17.533016,0.10878575,5.315476,0.021462653,0.04199412,1,0,0,"2018-01-25",-5833185593186519040
"327",0,0.048425466,1.0504773,0.014802366,0.014221881,1,7,0,"2018-01-25",-4832316967726682112
"1194",0,0,0,1e-06,0.029892463,0,14,1,"2018-01-26",-4414251511891853824
"448",0,0.013450227,1.3252527,0.010533497,0.009376067,0,5,0,"2018-01-21",1384646523120192000
"228",0,0,0,0.009837199,0.0072605205,0,26,0,"2018-01-21",8530323770842618880
"355",0,0,0,0.0073257377,0.0085926885,0,2,0,"2018-01-26",-547059124907035648
"521",0,0,5.460837,0.016701728,0.06981601,1,22,0,"2018-01-27",-2363588769751115776
"138",0,0,3.613399,0.011857446,0.007236058,0,4,0,"2018-01-23",7685835919712135168
"1606",20.888384,0.08288764,4.5734067,0.016786521,0.02008134,0,1,0,"2018-01-27",-2116037838471271936
"304",0,0,2.8187473,1e-06,1e-06,0,1,1,"2018-01-26",-7731275881257459712
"1150",24.088531,0,5.2145405,0.026001161,0.21384054,1,1,0,"2018-01-23",8530323770842618880
"616",0,0,1.375671,0.009482618,0.0034264585,1,25,0,"2018-01-23",-2116037838471271936
"968",24.323286,0,7.374079,0.021848384,0.36597186,0,9,0,"2018-01-24",9202726581177086976
"1419",13.560453,0,4.2041187,0.021560527,0.021382341,0,14,0,"2018-01-25",8822383975910322176
"1099",15.172673,0.024587676,0,0.019961294,0.054407835,1,4,1,"2018-01-23",3519666681604228608
"465",0,0.106431216,0,0.0070447484,0.00865869,1,6,0,"2018-01-24",-6998215076096305152
"883",0,0.08796562,0,0.013678313,0.011196483,0,10,0,"2018-01-21",-4246715430060585472
"223",0,0,0,0.013769602,0.0139964195,1,14,0,"2018-01-26",-2633997089996197376
"1588",0,0,0,0.015277393,0.013771144,1,3,0,"2018-01-21",-1358790659540763136
"716",0,0,2.288723,0.0062111802,0.03789538,0,12,0,"2018-01-21",6668372929844503552
"546",0,0,2.6169658,0.013546675,0.026418908,1,0,0,"2018-01-23",-7485608206391772160
"1230",0,0.03169995,1.7311119,0.008530418,0.006686303,0,4,0,"2018-01-21",-6119409206348088320
"1525",12.520915,0.06854247,3.79596,0.038789414,0.030815085,0,4,0,"2018-01-25",1866324302780067584
"890",10.469422,0.03487421,3.172267,0.0118177235,0.013161082,0,5,0,"2018-01-23",-6119409206348088320
"884",0,0,0,0.037789173,0.033646233,0,8,0,"2018-01-24",-4175733961318103552
"927",0,0,1.3794204,1e-06,0.007848511,1,11,0,"2018-01-21",-5302120391854416896
"766",0,0,0,0.010855697,0.011295506,0,3,0,"2018-01-21",8530323770842618880
"21",0,0.13530283,0,0.016671607,0.015791759,0,6,0,"2018-01-23",-7268106225594404864
"1513",0,0,0,0.030475007,0.022764463,1,6,0,"2018-01-21",-2633997089996197376
"1151",27.43424,0.52631724,4.99769,0.029386979,0.04072129,0,14,0,"2018-01-27",-3623880078591607808
"1505",0,0,1.1320108,0.007928383,0.008923469,1,3,0,"2018-01-24",3820235585099670016
"796",0,0,0,0.010796595,0.010571279,1,4,0,"2018-01-25",-3214316587352202752
"807",0,0.28135931,0,0.017670523,0.015153948,1,7,0,"2018-01-25",-3696411351851333120
"1287",0,0,0.7725239,0.02788745,0.029601827,1,2,1,"2018-01-26",-4092669534112985088
"22",7.301506,0,2.2135944,0.014754422,0.018179236,0,4,0,"2018-01-24",-3696411351851333120
"182",25.173738,0,5.457157,0.00877193,0.006134969,0,25,0,"2018-01-23",-1305520379511432704
"1109",0,0.31207708,0,0.028046317,0.071380086,1,2,0,"2018-01-27",-2045482504961250560
"410",3.9064026,0,0,0.01780165,0.048679784,1,1,0,"2018-01-24",-4175733961318103552
"108",0,0,0.07143235,0.018656513,0.02014604,1,6,0,"2018-01-21",9202726581177086976
"785",23.351467,0.042223852,5.0218716,0.025642509,0.21415104,1,26,0,"2018-01-23",8530323770842618880
"352",27.448742,0.062327046,4.8149815,0.013304304,0.009046629,1,23,0,"2018-01-23",8530323770842618880
"1671",0,0,5.716,0.020169074,0.049606197,1,9,0,"2018-01-22",8530323770842618880
"517",0,0,4.2994103,0.014830978,0.019065332,0,5,0,"2018-01-27",7711989119986958336
"540",0,0.14774676,0,0.018455159,0.05824113,0,4,0,"2018-01-23",-1614082818015232512
"981",25.173769,0,5.395844,0.028152514,0.20379499,1,10,0,"2018-01-22",-3214316587352202752
"579",0,0,1.8845243,1e-06,1e-06,1,63,0,"2018-01-24",-6119409206348088320
"1278",0,0,1.3490021,0.027026674,0.03310474,0,2,0,"2018-01-25",8530323770842618880
"430",0,0,0,0.015792683,0.016726939,0,0,0,"2018-01-23",-4593390417958236672
"1082",28.780622,0.45848018,0,0.03908087,0.15559812,0,28,0,"2018-01-25",-3724252576497870848
"1412",24.059826,0.22288574,4.2742887,0.013888889,0.03356106,1,7,0,"2018-01-26",-4246715430060585472
"1561",0,0,2.8732915,0.0075045396,0.010423804,1,16,0,"2018-01-21",8530323770842618880
"1639",0,0.13122351,0,0.015121386,0.06627717,1,21,0,"2018-01-23",-5302120391854416896
"1594",22.839981,0.054960888,5.062274,0.017537087,0.22558764,1,27,1,"2018-01-25",-7268106225594404864
"875",0,0.11456306,0,0.009904436,0.008332015,0,4,0,"2018-01-21",2666095119806832128
"164",0,0,0,0.0077562258,0.02041192,0,1,1,"2018-01-25",-4175733961318103552
"1073",0,0,2.8886912,0.012375069,0.011494253,0,0,0,"2018-01-24",-4246715430060585472
"854",20.572489,0.090137914,3.88456,0.0025445293,0.002624672,1,13,0,"2018-01-26",8238500898095513600
"47",0,0,0,0.01724138,0.02021339,1,13,0,"2018-01-23",8530323770842618880
"774",0,0,2.5024395,0.014619997,0.020328952,1,6,0,"2018-01-23",551566471067073792
"507",0,0.06853517,0,0.014492754,0.012820513,1,22,0,"2018-01-25",-2116037838471271936
"492",0,0.02062573,3.5368218,0.012989972,0.045356635,0,0,0,"2018-01-26",-7268106225594404864
"1326",0,0,0,0.01914053,0.016509602,1,14,0,"2018-01-21",7929051477785046016
"713",0,0.16127801,0,0.021522267,0.022380028,0,22,0,"2018-01-26",-4832316967726682112
"925",0,0,0,0.017180119,0.06329164,0,2,0,"2018-01-25",1384646523120192000
"373",0,0.17998785,0,0.02285045,0.02173913,1,23,0,"2018-01-27",4672379463779748864
"759",0,0,4.3678985,0.011424585,0.017002016,1,8,0,"2018-01-21",-5302120391854416896
"475",0,0,0,0.022265604,0.023098264,0,18,1,"2018-01-21",-9049387715076603904
"313",0,0,1.88539,0.024806142,0.02533589,1,19,0,"2018-01-24",1861515439563363328
"551",35.52642,0,7.6349244,0.008928572,0.21758446,0,7,0,"2018-01-23",-3623880078591607808
"218",0,0.085613586,0,0.0146553675,0.01828932,1,1,0,"2018-01-24",-7731275881257459712
"1079",15.403183,0.25911844,3.8507957,0.01369863,0.013166764,0,18,0,"2018-01-23",-3623880078591607808
"199",0,0,0,0.0019831134,0.003215434,1,22,0,"2018-01-23",9204124302215888896
"1504",0,0,2.4943419,0.0149431275,0.013834717,0,7,0,"2018-01-24",-1614082818015232512
"142",0,0,0,0.017905805,0.018009827,0,2,0,"2018-01-25",1717515879473504000
"985",0,0,0,0.017601289,0.017445525,0,7,0,"2018-01-24",-4397799785543263232
"160",8.067945,0.033630908,2.4970703,0.017693559,0.016773572,1,2,0,"2018-01-25",-7731275881257459712
"698",10.286855,0.022455404,0,0.020597858,0.013164297,1,22,0,"2018-01-26",6578616450419555328
"1146",0,0.10087493,0.41974992,0.008968969,0.0068965517,1,1,0,"2018-01-25",-3696411351851333120
"1242",0,0.095019765,0,0.014650999,0.04294176,1,1,0,"2018-01-24",1384646523120192000
"1",0,0,0,0.0048243147,0.0066280724,0,5,0,"2018-01-21",-7613806991329176576
"1333",12.972956,0.043301202,3.9308267,0.01178626,0.010309163,1,10,0,"2018-01-26",-547059124907035648
"1503",10.46262,0,3.170424,0.010869565,0.018724889,1,13,0,"2018-01-25",-8734265505719801856
"1565",0,0,1.6095868,0.010440382,0.009361842,1,1,0,"2018-01-24",-4246715430060585472
"276",27.028654,0.3261486,4.7781086,0.01645474,0.08903266,0,26,0,"2018-01-21",-4175733961318103552
"493",0,0,0,0.009164435,0.023808999,1,1,0,"2018-01-23",7929051477785046016
"458",0,0,0,0.007139478,0.01328784,0,1,0,"2018-01-26",387174923953940480
"1346",0,0.14877431,0,0.018558925,0.07436183,0,1,0,"2018-01-24",-461013632408289408
"1518",17.59544,0,3.259433,0.0101673165,0.031299908,1,22,0,"2018-01-25",3820235585099670016
"1648",0,0,0,0.0085655255,0.007096922,1,1,0,"2018-01-26",-6998215076096305152
"1488",0,1.0875751,0.08297014,0.012797491,0.011666813,0,7,0,"2018-01-23",-4397799785543263232
"1673",0,0,6.056915,0.024284067,0.19798651,0,13,0,"2018-01-24",3519666681604228608
"1084",0,0,0,0.010559607,0.024532247,0,4,0,"2018-01-21",-2363588769751115776
"1484",0,0.878022,2.672758,0.029849187,0.024054984,1,28,1,"2018-01-21",-7485608206391772160
"183",13.5091715,0.019381642,0,0.016633589,0.020568173,0,16,0,"2018-01-25",-4593390417958236672
"126",15.68783,0,0,0.019372819,0.02474757,1,1,0,"2018-01-26",-7731275881257459712
"266",0,0,0,0.0129971905,0.011879566,1,5,0,"2018-01-24",1384646523120192000
"1559",0,0,0,0.01561871,0.016827265,1,21,0,"2018-01-27",5495260295383224320
"77",0,0,0,0.03726151,0.028131355,1,15,0,"2018-01-21",-4877799383121009664
"559",0,0.9894089,0.10326918,1e-06,0.02029143,1,66,0,"2018-01-27",-4246715430060585472
"996",15.32827,0.13340765,3.8320675,0.018125577,0.018807735,1,7,0,"2018-01-24",-2251619073501446144
"1308",0,0.052180238,1.1794717,0.014538192,0.013032124,0,1,0,"2018-01-25",-3696411351851333120
"2",11.874042,0.04363703,2.5270805,0.011935319,0.011208009,0,5,0,"2018-01-21",-1361819269400927232
"1445",0,0.16585517,0,0.018771695,0.015428359,1,12,1,"2018-01-22",2029928808769267712
"1556",10.787162,0.3096854,2.6967905,0.016001852,0.04466321,1,1,0,"2018-01-24",-4246715430060585472
"1205",15.792551,0.060224857,3.3952823,0.016949153,0.006369427,1,0,0,"2018-01-24",3519666681604228608
"1295",22.93617,0.05936035,4.9600987,0.022764463,0.21716836,0,4,0,"2018-01-27",8530323770842618880
"102",0,0,0,0.009703562,0.009751215,1,2,0,"2018-01-23",-1627412911764431360
"772",20.946518,0,4.4917083,0.014368109,0.017151287,1,23,0,"2018-01-23",-4246715430060585472
"588",0,0.09250311,0,0.015121386,0.015558734,0,1,0,"2018-01-23",-4246715430060585472
"864",0,0,0,0.016654823,0.045059543,0,10,0,"2018-01-21",-4414251511891853824
"1178",0,0.033966646,4.657412,0.021744754,0.04501626,1,0,1,"2018-01-26",-6119409206348088320
"426",0,0,0,0.015030436,0.017578363,0,10,0,"2018-01-21",-4832316967726682112
"1027",0,0,2.122957,0.0054680365,0.0056309868,0,1,1,"2018-01-23",4911506883166819328
"598",0,0,2.0081878,0.009307697,0.008899582,1,1,0,"2018-01-24",-507318753207970304
"1519",0,0,1.5407964,0.010775244,0.010280475,0,5,0,"2018-01-21",-6119409206348088320
"1259",0,0,0,0.016770538,0.01872066,0,1,0,"2018-01-24",-4832316967726682112
"281",8.077735,0.023569798,2.4484286,0.016888442,0.047343377,0,16,0,"2018-01-24",4672379463779748864
"911",0,0,2.0804543,0.0061591165,0.0063608005,1,3,0,"2018-01-21",-5302120391854416896
"1235",0,0,1.2054414,1e-06,0.016034052,1,2,0,"2018-01-26",-7488007822605152256
"946",13.521559,0.027369877,4.0993247,0.022001373,0.02255971,1,13,0,"2018-01-21",-4534174881649530368
"978",11.842093,0.0963072,2.9532118,0.013895518,0.015559943,1,42,0,"2018-01-25",-5302120391854416896
"1019",0,0,1.8061249,1e-06,0.0054760384,1,63,0,"2018-01-24",-8060438743201922048
"496",0,0,0,0.011152288,0.22706081,0,6,1,"2018-01-24",4.315422483091e+18
"1232",0,0,0,0.011349532,0.010358317,0,6,0,"2018-01-24",-5302120391854416896
"1618",0,0,1.0678076,0.0044044848,0.0028985508,0,18,0,"2018-01-21",4668204224781136896
"258",0,0,1.6026276,0.0033333334,0.0034509716,0,7,0,"2018-01-24",7.720207847715e+18
"1342",0,0.03678171,0,0.01369863,0.013888889,0,20,0,"2018-01-26",-5302120391854416896
"1433",0,0.58599144,0.09276174,0.013076508,0.01367254,1,1,0,"2018-01-24",-4246715430060585472
"1147",14.912896,0.29595706,3.728224,0.015625,0.03614981,0,84,0,"2018-01-23",-1614082818015232512
"336",0,0.9610542,0.13965873,0.019706279,0.072417445,0,2,0,"2018-01-25",3519666681604228608
"646",27.462406,0.05044618,5.8889027,0.005782694,0.15078554,0,20,0,"2018-01-26",2084956666588991744
"75",0,0.644783,0.052838195,0.012541378,0.11431149,1,17,0,"2018-01-27",-4397799785543263232
"1256",0,0,2.1792648,0.016726904,0.018758014,1,1,0,"2018-01-23",-5302120391854416896
"401",0,0,0.9673778,0.008597852,0.009200607,1,3,1,"2018-01-27",-4530023448177795584
"402",0,0,0,0.015559089,0.023092683,0,15,0,"2018-01-25",-4593390417958236672
"503",20.72962,0.074430145,6.2845893,0.019643545,0.010079216,0,3,0,"2018-01-21",5372893855215008768
"1458",4.2708983,0.020503853,1.8428308,0.030539539,0.041808464,0,9,0,"2018-01-24",8238500898095513600
"958",13.061894,0.024249902,3.9587164,0.019085357,0.03690206,0,28,0,"2018-01-24",-547059124907035648
"478",25.053822,0.39892092,4.4495296,0.02641632,0.07542929,0,7,0,"2018-01-24",3519666681604228608
"777",0,0,0,0.01231755,0.011663732,0,1,0,"2018-01-24",4.315422483091e+18
"660",0,0,0,0.010658417,0.011774797,1,1,0,"2018-01-27",4.315422483091e+18
"1251",0,0,0,0.0113980295,0.013082626,0,3,1,"2018-01-26",-1614082818015232512
"697",0,0.87379754,0.13504966,0.02586404,0.025042921,1,26,0,"2018-01-23",953058994073361536
"1460",2.7572465,0.017942036,1.737728,0.013082662,0.013914736,1,2,0,"2018-01-24",4672379463779748864
"25",0,0,0,0.009496615,0.010626834,0,7,0,"2018-01-25",-547059124907035648
"1240",0,0,0.18429075,1e-06,1e-06,1,2,0,"2018-01-25",-7268106225594404864
"399",0,0,1.3987187,1e-06,1e-06,0,21,0,"2018-01-24",8238500898095513600
"1634",0,0,0,0.02695068,0.07257831,1,3,0,"2018-01-27",1242265857543364096
"1060",0,0,0,0.0144418,0.013622702,0,3,0,"2018-01-24",4668204224781136896
"924",0,0,0,0.017180119,0.06329164,0,2,1,"2018-01-25",1384646523120192000
"742",16.073093,0.050701804,5.308928,0.012799889,0.029251669,1,16,0,"2018-01-21",-1614082818015232512
"1172",0,0,0,0.0045144707,0.0050204284,0,2,0,"2018-01-25",-6998215076096305152
"248",10.360879,0.04258869,0,0.01896124,0.018533707,1,12,0,"2018-01-23",8822383975910322176
"251",0,0.13828252,0,0.02250018,0.030554976,0,3,0,"2018-01-24",-7867367934152049664
"1548",23.526249,0.04618752,5.083024,0.022741849,0.21418421,0,16,0,"2018-01-24",8530323770842618880
"847",0,0,0,0.016582683,0.055045027,1,0,0,"2018-01-24",-1614082818015232512
"1511",0,0,1.3380926,0.01590463,0.016713021,1,1,0,"2018-01-25",-7731275881257459712
"104",18.604343,0.3902767,0,0.011849555,0.069604635,0,2,0,"2018-01-25",1424940020905479168
"739",8.545998,0,2.470837,0.012519099,0.028091568,0,7,0,"2018-01-21",538133316569865920
"1543",0,0,0,0.010309278,0.03239018,0,4,0,"2018-01-25",-2363588769751115776
"558",0,0,0.16585362,1e-06,1e-06,0,8,0,"2018-01-24",8530323770842618880
"803",0,0,0,0.01510214,0.08831103,0,6,0,"2018-01-25",-3623880078591607808
"1400",0,0,0,0.013753038,0.015344679,1,2,0,"2018-01-26",4.315422483091e+18
"1417",0,0,0,0.038598813,0.04033849,1,19,0,"2018-01-25",5372893855215008768
"154",0,0.029178172,0,0.012236729,0.012620847,0,1,0,"2018-01-25",8238500898095513600
"1575",8.965453,0,3.0705392,0.008812884,0.009221837,1,326,0,"2018-01-21",-6998215076096305152
"1508",0,0.06725498,0,0.016237717,0.013165439,1,9,0,"2018-01-21",-8734265505719801856
"3",11.874042,0.04363703,2.5270805,0.011935319,0.011208009,0,5,1,"2018-01-21",-1361819269400927232
"1638",0,0.02098515,3.5114622,0.011111111,0.011494253,1,23,0,"2018-01-27",8238500898095513600
"1577",0,0,0,1e-06,0.01704109,1,1,0,"2018-01-21",9202726581177086976
"953",0,0,2.4997804,0.011764081,0.010526316,1,1,0,"2018-01-25",-5302120391854416896
"38",0,0,0,0.029310005,0.024361564,1,12,0,"2018-01-22",-2633997089996197376
"1197",30.54702,0.026945764,4.521525,0.024857398,0.30014804,0,16,0,"2018-01-27",-461013632408289408
"152",0,0,0,0.031611,0.0356153,1,15,0,"2018-01-23",-1340663555360675840
"1118",0,0.15092394,0,0.014076932,0.045144208,1,8,0,"2018-01-27",-3214316587352202752
"1474",23.8656,0,0,0.017242992,0.22146434,0,1,0,"2018-01-21",-7731275881257459712
"1042",12.436884,0,3.8024998,0.04028419,0.05726426,0,8,0,"2018-01-23",8530323770842618880
"265",10.836036,0.3134486,3.5209742,0.015552624,0.07268148,0,10,0,"2018-01-26",4.315422483091e+18
"1677",0,0,0.86664766,0.014629861,0.014630508,1,6,0,"2018-01-25",-4092669534112985088
"536",0,0,1.1516678,0.005154639,0.005076142,1,28,0,"2018-01-25",-4530023448177795584
"1388",0,1.1672958,0.21166472,0.02173913,0.046679053,0,4,0,"2018-01-23",-4246715430060585472
"1599",0,0,0.9094947,0.022495091,0.010106037,0,1,0,"2018-01-25",1424940020905479168
"870",0,0,0.25293207,1e-06,0.02349363,1,17,0,"2018-01-21",2666095119806832128
"42",0,0,2.6474133,0.044445608,0.008203057,0,6,0,"2018-01-23",-1614082818015232512
"424",15.712337,0.019907936,4.7708173,0.0058683855,0.007557858,1,7,0,"2018-01-24",-4246715430060585472
"1154",0,0,0,0.009196828,0.011956932,1,1,1,"2018-01-26",4.315422483091e+18
"356",0,0,0,0.0073257377,0.0085926885,0,2,1,"2018-01-26",-547059124907035648
"1382",0,0,2.2939248,0.06415839,0.03601892,1,16,1,"2018-01-24",8530323770842618880
"83",0,0.011910976,3.2398129,1e-06,0.018343506,1,14,0,"2018-01-25",-2405515834613861376
"1155",0,0,0,0.009196828,0.011956932,1,1,0,"2018-01-26",4.315422483091e+18
"485",0,0,4.662392,0.014368109,0.039215166,1,9,0,"2018-01-23",-4246715430060585472
"775",0,0,0,0.009499178,0.008403362,1,22,0,"2018-01-24",-1358790659540763136
"691",0,0,0,0.010883146,0.0058202986,0,5,0,"2018-01-23",-3623880078591607808
"28",18.380564,0.031903267,3.9970388,0.053382065,0.061574478,1,23,0,"2018-01-27",-7268106225594404864
"878",11.742203,0.28531164,2.9355507,0.016139844,0.014942067,1,0,0,"2018-01-23",-4246715430060585472
"1074",0,0,0,0.01598804,0.029146554,1,4,0,"2018-01-27",-9049387715076603904
"1613",0,0,0,0.024087489,0.14689967,1,22,0,"2018-01-25",-7488007822605152256
"1085",0,0,0,0.010559607,0.024532247,0,27,1,"2018-01-21",-2363588769751115776
"174",0,0.014494836,4.0716095,0.0046948357,0.011764953,0,6,0,"2018-01-21",-7268106225594404864
"357",0,0,0,0.017284498,0.019489648,1,7,0,"2018-01-25",1861515439563363328
"1381",0,0,2.2939248,0.06415839,0.03601892,1,16,0,"2018-01-24",8530323770842618880
"1072",0,0,0,0.013649654,0.029667618,0,0,0,"2018-01-25",1384646523120192000
"1052",0,0,0,0.020231228,0.014403227,0,22,0,"2018-01-23",-7268106225594404864
"1227",0,0,0,0.005804309,0.007053439,0,16,0,"2018-01-25",-5441447297614617600
"1185",0,0,1.2659293,0.01429992,0.009337168,0,26,0,"2018-01-24",-4530023448177795584
"1600",0,0,0,0.008239229,0.025689926,0,10,0,"2018-01-26",-7706973126229505024
"940",0,0,0,0.014906191,0.011831957,0,0,0,"2018-01-23",3519666681604228608
"1442",0,0.022229178,0.5949879,0.011363858,0.013200246,1,2,0,"2018-01-23",-1358790659540763136
"725",28.187778,0,5.9357195,0.016966717,0.03640376,0,14,0,"2018-01-25",4.315422483091e+18
"988",0,0.02826266,0.8668907,0.0055438885,0.011111111,1,114,0,"2018-01-24",-1627412911764431360
"459",0,0,0,0.015714018,0.019650191,1,8,0,"2018-01-25",-6998215076096305152
"1201",0,0,4.9488726,0.0019393223,0.005511746,0,2,0,"2018-01-21",-7613806991329176576
"73",24.685165,0,5.3364534,0.04644736,0.21418421,1,2,1,"2018-01-24",8530323770842618880
"829",0,0,0.7927651,0.011839276,0.012273994,0,3,0,"2018-01-26",-7435860353377593344
"1454",0,0,1.0400746,0.01958109,0.01819236,0,9,0,"2018-01-26",-4246715430060585472
"1186",0,0,0.61101943,0.011621731,0.009101645,1,6,0,"2018-01-23",-7268106225594404864
"537",0,0,0,0.023809524,0.090623364,1,24,0,"2018-01-26",4472355156601730560
"1418",13.305141,2.2639742,3.3262854,0.014784092,0.016634287,0,3,0,"2018-01-27",-7268106225594404864
"407",0,0.27170515,0,0.016542293,0.01632521,1,18,0,"2018-01-21",-9049387715076603904
"1361",0,0,5.688464,1e-06,0.03662348,0,1,0,"2018-01-25",-4397799785543263232
"1283",0,0.109801255,0,1e-06,0.021529501,0,12,0,"2018-01-24",-5302120391854416896
"622",28.42459,0.03898864,4.9817333,0.009550681,0.07615131,0,5,0,"2018-01-24",-8734265505719801856
"1128",8.120777,0.05793298,2.4612126,0.016956154,0.014285714,0,11,0,"2018-01-25",4672379463779748864
"1312",14.379437,0.20793945,3.5948594,0.013721834,0.015173186,1,4,1,"2018-01-23",1424940020905479168
"112",20.610355,0,4.4712663,0.015061565,0.013400706,1,14,0,"2018-01-25",4.315422483091e+18
"886",10.360933,0.21630162,2.5900247,0.014033016,0.011649968,1,11,0,"2018-01-24",4672379463779748864
"1152",0,0,3.0113752,1e-06,0.009498952,0,52,0,"2018-01-23",8530323770842618880
"690",0,0.17288502,0,0.01626024,0.05180422,0,6,0,"2018-01-25",5888229449299174400
"1609",17.126905,0.035024818,0,0.015374577,0.036676917,0,0,1,"2018-01-27",-4593390417958236672
"384",0,0,0,0.017265974,0.014705882,1,1,1,"2018-01-27",-4593390417958236672
"696",0,0,2.5966294,0.014430728,0.016589446,0,1,0,"2018-01-24",-4175733961318103552
"866",0,0,0,0.010958705,0.008548711,0,14,0,"2018-01-23",-7435860353377593344
"887",21.039804,0.043610398,4.5701714,0.012864857,0.011638488,1,1,0,"2018-01-24",-461013632408289408
"657",15.947648,0,3.131012,0.024912337,0.027712349,0,27,0,"2018-01-23",-4175733961318103552
"268",0,0.090968,0,0.016532099,0.016595779,1,12,0,"2018-01-23",4.315422483091e+18
"634",0,0.10523199,1.9456327,0.010989011,0.012987013,1,19,0,"2018-01-23",790352762266189184
"1103",0,0,1.0684471,0.030980082,0.03042814,1,14,0,"2018-01-23",4.315422483091e+18
"1626",0,1.7530829,0.16118053,0.024196314,0.04178628,0,5,1,"2018-01-26",-8734265505719801856
"717",0,0,0,0.015860531,0.025329085,0,9,0,"2018-01-24",1384646523120192000
"1261",0,0.091435134,0,0.016329704,0.012527185,1,4,0,"2018-01-21",-4534174881649530368
"1098",0,0.044585418,4.700372,0.018492296,0.019707913,1,2,0,"2018-01-25",-1340663555360675840
"618",0,0,0,0.012396759,0.010285196,1,17,1,"2018-01-21",6135677934545197056
"360",0,0,0,0.013000809,0.011830482,0,2,0,"2018-01-25",-2633997089996197376
"346",0,0,0,0.02023973,0.11094092,0,0,0,"2018-01-23",1242265857543364096
"965",14.682216,0.18811432,3.670554,0.014753009,0.034057453,0,1,0,"2018-01-25",4911506883166819328
"293",0,0.32270774,0.018548071,0.0109793525,0.015413602,1,6,0,"2018-01-24",6668372929844503552
"394",0,0.95178527,0.16617714,0.023036055,0.026585622,0,2,0,"2018-01-25",8530323770842618880
"843",0,0.7778171,0.16070928,0.02495778,0.017857144,0,4,0,"2018-01-23",4672379463779748864
"1124",5.480707,0.1989043,0,0.017670523,0.015153948,1,15,0,"2018-01-25",-4175733961318103552
"783",0,0.2282728,0,0.015052026,0.0148075465,0,7,0,"2018-01-24",-4246715430060585472
"1176",14.364878,0.19111368,3.419144,0.018546045,0.01369863,1,26,0,"2018-01-24",-5302120391854416896
"1026",0,0,0,0.022056855,0.06860474,1,15,0,"2018-01-25",-4832316967726682112
"1352",0,0,0.56975013,0.010731691,0.011464354,0,7,0,"2018-01-24",-4246715430060585472
"1102",19.987305,0.037218507,4.9027753,0.016886199,0.067221165,0,1,0,"2018-01-25",-3623880078591607808
"1268",0,0,0,0.018967297,0.045584973,1,3,0,"2018-01-21",-4397799785543263232
"823",0,0.81552833,0.6110121,1e-06,1e-06,1,0,0,"2018-01-26",8530323770842618880
"1467",0,0,0,0.012499791,0.02127017,1,0,0,"2018-01-26",-5302120391854416896
"1045",19.63212,0.053570032,0,0.016129032,0.030613454,0,6,0,"2018-01-23",-7731275881257459712
"966",0,0,0,0.019047186,0.123159185,1,62,0,"2018-01-24",-5302120391854416896
"1327",0,0,0,1e-06,0.0019005461,0,13,0,"2018-01-23",-507318753207970304
"1431",0,0.1072491,1.9647745,0.015761394,0.019965157,1,0,0,"2018-01-25",-4175733961318103552
"345",0,0,0,0.009470263,0.013567083,1,0,0,"2018-01-27",-6998215076096305152
"206",0,0,0,0.0234579,0.036256824,1,22,0,"2018-01-27",284924936766195200
"548",19.252317,0.101421915,4.1955905,0.01923077,0.018765274,1,20,0,"2018-01-25",-7839862352632577024
"1520",0,0,2.8778222,0.01668375,0.019986829,0,1,0,"2018-01-24",-6119409206348088320
"1354",0,0.27862594,0,0.051675513,0.052669276,0,8,0,"2018-01-25",-2045482504961250560
"922",0,0,0.058919713,1e-06,1e-06,0,3,0,"2018-01-25",-4175733961318103552
"1657",16.980154,0.036612164,0,0.01530123,0.043964088,1,0,0,"2018-01-24",-4593390417958236672
"1204",15.792551,0.060224857,3.3952823,0.016949153,0.006369427,1,0,1,"2018-01-24",3519666681604228608
"1203",0,0,0,0.016066153,0.019895203,0,6,0,"2018-01-24",-3623880078591607808
"404",10.267184,0.047839604,3.1126976,0.014432994,0.009829429,0,3,0,"2018-01-21",-7488007822605152256
"1377",15.413161,0.03686547,4.672801,0.014084507,0.015873017,0,18,1,"2018-01-27",-944933816209602048
"597",0,0,1.4332105,0.0034310305,0.012494342,0,12,0,"2018-01-23",9187774158059236352
"190",0,0,0,0.011033422,0.017918268,1,26,0,"2018-01-23",1733282013472489728
"555",0,0,0,0.011814566,0.010526316,1,28,0,"2018-01-25",9204124302215888896
"148",0,0,0,0.018592592,0.03433586,0,6,0,"2018-01-23",-2363588769751115776
"1557",0,0.04572471,0,0.013288964,0.015492427,1,1,0,"2018-01-25",8821162609494818816
"1398",7.1536174,0.16420203,1.7884043,0.014610176,0.019893732,0,10,0,"2018-01-21",-547059124907035648
"1623",0,0,3.173319,1e-06,1e-06,0,1,0,"2018-01-21",-4246715430060585472
"491",0,0.02062573,3.5368218,0.012989972,0.045356635,0,0,1,"2018-01-26",-7268106225594404864
"1244",0,0,0,0.017300144,0.011904762,1,51,0,"2018-01-21",-4246715430060585472
"167",0,0,7.7943053,1e-06,1e-06,0,143,0,"2018-01-23",-4593390417958236672
"375",0,0,0,0.01734096,0.016949153,0,51,0,"2018-01-26",-4397799785543263232
"912",0,0,1.6063864,0.016588576,0.017045733,0,0,0,"2018-01-25",-4175733961318103552
"1510",0,0.057621993,0,0.026622238,0.016577102,0,25,0,"2018-01-23",4449045509514560512
"1014",0,0,4.3478155,1e-06,1e-06,0,7,0,"2018-01-23",3519666681604228608
"1044",0,0,4.925485,0.006060606,0.005374196,1,3,0,"2018-01-25",-8734265505719801856
"61",14.288717,0,4.4611554,0.0117493505,0.014802919,0,0,1,"2018-01-25",1424940020905479168
"677",12.455567,0.031159801,3.5356646,0.010279461,0.010526318,0,2,1,"2018-01-27",-4530023448177795584
"571",15.209774,0,3.27198,0.009803922,0.010416667,0,8,0,"2018-01-27",6486711527107561472
"1196",0,0,0.61334527,0.010762069,0.011494253,0,8,0,"2018-01-27",-9049387715076603904
"1529",0,0.2724117,0,0.01598178,0.014285714,0,1,0,"2018-01-25",-3623880078591607808
"435",11.471563,0.032136425,2.5165474,0.012975996,0.014259005,1,6,1,"2018-01-25",-1361819269400927232
"665",15.5061,0.042436723,4.700977,0.01087038,0.012345679,1,8,0,"2018-01-25",551566471067073792
"1580",20.563078,0.037570458,4.1432114,0.011372126,0.012563543,0,12,0,"2018-01-21",4.315422483091e+18
"1389",10.481867,0.22310801,2.6204667,0.007900385,0.01738192,1,14,0,"2018-01-26",3137307170067786240
"161",0,0,0,0.011498131,0.010723985,0,1,0,"2018-01-23",7173260001875410944
"1320",0,0,0,0.014853623,0.013530494,1,2,0,"2018-01-21",4.315422483091e+18
"1604",0,0,4.47239,0.007870928,0.009770509,0,2,0,"2018-01-26",-3214316587352202752
"744",0,0.31861776,0,0.022668812,0.022818152,0,2,0,"2018-01-21",6668372929844503552
"1192",0,0,2.2413094,1e-06,0.015490739,0,24,0,"2018-01-26",-4414251511891853824
"1640",0,0.13122351,0,0.015121386,0.06627717,1,21,0,"2018-01-23",-5302120391854416896
"231",0,0,0.7597351,1e-06,0.009707578,1,12,0,"2018-01-25",-5302120391854416896
"880",9.799394,0.08029496,3.4621763,0.031498514,0.028163379,1,14,0,"2018-01-24",-3696411351851333120
"48",0,0.17703697,0,0.010646895,0.0120997,0,7,0,"2018-01-25",8530323770842618880
"835",0,0.032702662,0,0.023320373,0.069214314,0,5,0,"2018-01-23",1717515879473504000
"757",0,0.9572928,0.14619696,0.017267358,0.016533565,1,1,0,"2018-01-21",1733282013472489728
"1332",12.972956,0.043301202,3.9308267,0.01178626,0.010309163,1,10,1,"2018-01-26",-547059124907035648
"1501",0,0,0,0.0135895135,0.015274639,0,6,0,"2018-01-24",9204124302215888896
"1066",0,0,2.9712954,1e-06,0.038251393,1,4,0,"2018-01-23",-3623880078591607808
"816",0,0,0,0.0085534565,0.00847948,1,6,0,"2018-01-25",4668204224781136896
"1358",28.499971,0,5.0313663,0.019648287,0.020020539,1,0,0,"2018-01-24",8530323770842618880
"200",0,0,1.2740632,0.011270808,0.013747892,1,3,0,"2018-01-26",-6998215076096305152
"1143",0,0.05333203,0,0.016394077,0.03461781,0,0,1,"2018-01-23",-6998215076096305152
"1163",0,0,1.8742843,0.008536117,0.0074626864,1,3,0,"2018-01-26",-7054510112423797760
"390",0,0.09485844,0,0.018582754,0.021594033,1,1,0,"2018-01-26",-1614082818015232512
"786",19.564411,0,4.215648,0.051457055,0.057246342,1,4,0,"2018-01-23",8530323770842618880
"770",0,0,4.483564,0.00990099,0.0074074073,0,16,0,"2018-01-21",-7706973126229505024
"288",0,0.13787381,0,0.018495986,0.010475074,0,8,0,"2018-01-26",-4175733961318103552
"1653",26.043863,0.060064793,5.5969157,0.019758182,0.02331994,1,23,0,"2018-01-26",-3623880078591607808
"1378",15.413161,0.03686547,4.672801,0.014084507,0.015873017,0,18,0,"2018-01-27",-944933816209602048
"805",14.52566,0.035721228,4.401101,0.018257368,0.039843712,0,3,0,"2018-01-24",-3214316587352202752
"1335",0,0.14727858,0,0.00956508,0.009259259,1,16,0,"2018-01-26",9124072227722530816
"918",0,0,0.97157276,1e-06,1e-06,0,16,0,"2018-01-26",-4530023448177795584
"1210",0,0,0,0.012692276,0.01455439,1,8,0,"2018-01-26",-1592769939201928704
"1645",0,0.11612323,0,0.013513514,0.0122633,1,15,0,"2018-01-26",6135677934545197056
"1521",7.7871084,0.039733414,2.3608139,0.019312952,0.019469606,0,2,0,"2018-01-25",6668372929844503552
"897",0,0.19325002,0,0.015447801,0.014094098,1,7,0,"2018-01-26",1733282013472489728
"189",0,0.1348826,0,0.019836463,0.014285714,1,1,0,"2018-01-25",-7268106225594404864
"896",8.495983,0.024967778,2.4717045,0.013100519,0.011791526,1,3,0,"2018-01-26",-4530023448177795584
"65",0,0,0,0.015961455,0.010428619,1,5,0,"2018-01-25",-1614082818015232512
"1075",0,0,0,0.01598804,0.029146554,1,4,1,"2018-01-27",-9049387715076603904
"1514",0,0,2.9929023,0.016427225,0.01676946,0,21,0,"2018-01-24",3968814584807301632
"710",0,0.21280505,0,1e-06,0.05434322,1,17,0,"2018-01-26",8822383975910322176
"1500",0,0,0,0.0135895135,0.015274639,0,6,0,"2018-01-24",9204124302215888896
"68",10.223793,0.039520144,3.0993543,0.01639324,0.022879565,1,13,0,"2018-01-23",-2045482504961250560
"722",0,0,0,0.014285714,0.03563301,1,14,0,"2018-01-23",-4397799785543263232
"936",0,0.31164998,0,0.014084507,0.015384615,1,23,0,"2018-01-26",731257982052660480
"1087",0,0,0,0.018920489,0.02387022,0,2,0,"2018-01-25",1242265857543364096
"1224",0,0,0,0.015730467,0.030502614,1,0,1,"2018-01-24",-944933816209602048
"820",0,0,0,0.013635795,0.024626236,0,20,0,"2018-01-25",-7731275881257459712
"637",13.529715,0.98857164,3.3824286,0.028780833,0.07747514,0,10,0,"2018-01-26",8530323770842618880
"1171",0,0,0,0.0045144707,0.0050204284,0,2,0,"2018-01-25",-6998215076096305152
"6",0,0.19837657,0,0.02254546,0.014705882,1,16,0,"2018-01-24",-1305520379511432704
"568",0,0.12816855,0,0.015448379,0.024691658,1,2,0,"2018-01-24",-7867367934152049664
"484",0,0.2705295,0,0.014272585,0.013042244,0,5,0,"2018-01-21",-1358790659540763136
"749",0,0,0,0.014486512,0.012500694,0,15,0,"2018-01-23",1859453293393938688
"554",0,0,2.0418673,0.025939906,0.029889667,1,20,0,"2018-01-23",8530323770842618880
"403",0,0,0,0.036175184,0.04036389,1,21,0,"2018-01-25",-8220869288454573056
"735",0,0,0,0.009735954,0.010288861,1,3,0,"2018-01-23",-3623880078591607808
"938",0,0,1.406283,0.012515911,0.03456046,1,24,1,"2018-01-26",-6998215076096305152
"591",0,0,0,0.014961304,0.019413134,1,6,0,"2018-01-25",-7645375328522215424
"343",0,0,0,0.013698246,0.010638298,1,12,0,"2018-01-24",-4246715430060585472
"1470",0,0,0,0.0054012365,0.005837053,0,4,0,"2018-01-23",-507318753207970304
"892",0,0,0,0.01725465,0.01632502,1,16,0,"2018-01-26",8530323770842618880
"1608",0,0,2.5203948,0.01339969,0.010380561,1,14,0,"2018-01-23",6668372929844503552
"1469",0,0,0,0.015390149,0.015599542,0,2,0,"2018-01-23",-6119409206348088320
"1220",0,0,6.193466,0.007953712,0.012089493,1,22,0,"2018-01-25",1861515439563363328
"1007",0,0,0,0.011213674,0.013174464,0,0,0,"2018-01-24",-3623880078591607808
"423",13.194186,0,4.9170976,0.0048781764,0.004484305,0,3,0,"2018-01-26",-7054510112423797760
"926",0,0.1818998,0.87865895,0.021299368,0.028853687,0,1,0,"2018-01-26",4672379463779748864
"13",0,0,0,0.016623026,0.012112681,1,1,0,"2018-01-26",-7268106225594404864
"813",0,0,0,0.009994207,0.010543143,0,25,0,"2018-01-23",-2633997089996197376
"289",0,0.13787381,0,0.018495986,0.010475074,0,8,0,"2018-01-26",-4175733961318103552
"1415",0,0,0.91376555,0.009164401,0.009513708,0,1,0,"2018-01-24",-8060438743201922048
"906",29.390966,0.055183448,6.378894,0.029115347,0.04926686,0,24,0,"2018-01-26",-2633997089996197376
"998",0,0.046000887,0,0.016014839,0.0154286,1,0,1,"2018-01-25",7929051477785046016
"1160",0,0,2.200134,0.015313029,0.022966703,0,1,0,"2018-01-25",-1614082818015232512
"463",0,0,1.2225195,0.018881388,0.020018999,0,2,1,"2018-01-25",8147585998651961344
"1364",0,0.20855296,0,0.015065208,0.053159945,1,4,0,"2018-01-23",-7731275881257459712
"1265",0,0.91190934,0.11208586,0.023172744,0.12593384,1,2,0,"2018-01-27",3519666681604228608
"661",0,0,0,0.012246848,0.043324593,0,3,0,"2018-01-27",2981397215533439488
"210",0,0,0,0.020759081,0.01923077,1,12,0,"2018-01-23",-4246715430060585472
"1406",0,0,0,0.016129032,0.01754386,1,1,0,"2018-01-26",-4414251511891853824
"287",0,0.13787381,0,0.018495986,0.010475074,0,8,1,"2018-01-26",-4175733961318103552
"1316",0,1.5057576,0.23729357,0.015625,0.011363637,0,10,0,"2018-01-23",-1361819269400927232
"1159",17.209341,0.023163034,3.732719,0.022261374,0.043182794,0,24,0,"2018-01-27",-507318753207970304
"910",25.738815,0.10300278,5.525623,0.016006032,0.023637028,1,8,0,"2018-01-27",-3623880078591607808
"1057",5.7134223,0.049780928,3.928448,0.014580547,0.02252374,0,2,0,"2018-01-24",-1614082818015232512
"688",0,0.21821323,0,0.011168361,0.008236024,0,21,0,"2018-01-23",8238500898095513600
"709",11.057985,0.1534691,2.7563097,0.015632866,0.016157454,0,20,0,"2018-01-24",-3214316587352202752
"768",0,0.090610795,3.5951884,0.009345794,0.028909087,0,19,0,"2018-01-23",9187774158059236352
"907",0,0,0.6697854,0.008375323,0.015887894,0,0,0,"2018-01-27",-7706973126229505024
"306",0,0.8254611,0.10299396,0.014996546,0.015394881,1,11,0,"2018-01-23",-4832316967726682112
"177",0,0,0,0.018827755,0.062153544,1,0,0,"2018-01-26",8530323770842618880
"723",0,0,0,0.005607259,0.0062811705,1,0,0,"2018-01-26",-1627412911764431360
"393",0,0.95178527,0.16617714,0.023036055,0.026585622,0,2,1,"2018-01-25",8530323770842618880
"1121",0,0,0,0.010569258,0.008297845,1,25,0,"2018-01-26",9204124302215888896
"180",0,0,3.3292642,0.010635897,0.0041100113,0,8,0,"2018-01-25",-6119409206348088320
"86",0,0,0,0.01018073,0.018062742,0,0,1,"2018-01-21",-7435860353377593344
"1601",0,0,0.84017813,0.008239229,0.04305845,0,2,0,"2018-01-26",-7706973126229505024
"1553",0,0,1.0864818,0.013945354,0.0069641583,1,1,0,"2018-01-25",-1096414559717773696
"1550",0,0.19878356,0,0.016093645,0.06302213,1,14,0,"2018-01-24",-4530023448177795584
"193",0,0,0.77358234,0.007988183,0.0058479533,1,5,0,"2018-01-21",-1614082818015232512
"1455",14.790496,0,0,0.028632699,0.0471987,0,16,0,"2018-01-24",-461013632408289408
"1086",0,0,0,0.010559607,0.024532247,0,27,0,"2018-01-21",-2363588769751115776
"63",14.288717,0,4.4611554,0.0117493505,0.014802919,0,0,1,"2018-01-25",1424940020905479168
"846",0,0,0,0.016582683,0.055045027,1,0,1,"2018-01-24",-1614082818015232512
"1403",0,0,0,0.009746593,0.021616045,0,3,0,"2018-01-27",-547059124907035648
"51",0,0,0,0.0057435995,0.006486975,1,4,0,"2018-01-27",-6998215076096305152
"1404",22.578653,0,0,0.049159147,0.055104543,0,27,0,"2018-01-21",-4246715430060585472
"541",0,0.14774676,0,0.018455159,0.05824113,0,4,1,"2018-01-23",-1614082818015232512
"26",0,0.013998116,0.5902386,0.01678694,0.017374502,0,11,0,"2018-01-24",-4530023448177795584
"514",0,0,4.579353,0.010998496,0.013048878,0,1,0,"2018-01-23",3519666681604228608
"140",10.342585,0,4.2572074,0.034845643,0.03203928,0,34,0,"2018-01-21",4668204224781136896
"620",0,0,1.3141587,0.008231608,0.0062111802,0,3,0,"2018-01-26",-4530023448177795584
"1457",4.2401443,0.020417864,1.8412457,0.030539539,0.041808464,0,9,0,"2018-01-24",8238500898095513600
"176",0,0.17057669,0,0.018665701,0.016115306,0,6,0,"2018-01-26",1859453293393938688
"627",0,0.041471038,2.493758,0.01309852,0.016221123,0,6,0,"2018-01-25",-7706973126229505024
"824",21.648212,0.039521854,4.687652,0.0133979125,0.056593392,1,6,0,"2018-01-25",-461013632408289408
"671",0,0,1.4134828,0.014875158,0.029166484,1,7,1,"2018-01-25",-7435860353377593344
"4",0,0,3.6958091,0.013046411,0.033340346,0,5,0,"2018-01-23",-3623880078591607808
"1617",9.6491585,0,0,0.020585982,0.018344343,0,8,0,"2018-01-25",-5302120391854416896
"849",0,0,0,0.012353089,0.018518519,1,1,0,"2018-01-21",9124072227722530816
"1644",0,0,0,0.009991298,0.009605228,0,0,0,"2018-01-25",1424940020905479168
"1137",0,0,2.667101,0.013748385,0.01,0,27,0,"2018-01-21",7929051477785046016
"263",27.127512,0.03706349,5.9997377,0.012147802,0.1342368,0,0,1,"2018-01-24",8530323770842618880
"374",0,0,0,0.01734096,0.016949153,0,51,0,"2018-01-26",-4397799785543263232
"939",0,0,1.406283,0.012515911,0.03456046,1,24,1,"2018-01-26",-6998215076096305152
"1423",0,0,1.6507109,0.007230753,0.008082582,0,9,0,"2018-01-25",-866223399462429184
"1215",0,0,0.8503476,0.010243801,0.010769741,1,6,0,"2018-01-24",-4246715430060585472
"262",27.127512,0.03706349,5.9997377,0.012147802,0.1342368,0,0,0,"2018-01-24",8530323770842618880
"121",0,0.079842284,0,0.012850179,0.009615385,1,0,0,"2018-01-23",284924936766195200
"999",0,0.046000887,0,0.016014839,0.0154286,1,0,0,"2018-01-25",7929051477785046016
"753",0,0,0,0.008789065,0.06600097,1,6,0,"2018-01-21",-461013632408289408
"1004",0,0,0,0.007569329,0.008422563,0,23,0,"2018-01-21",4.315422483091e+18
"497",0,0,0,0.0131063275,0.017923756,0,24,0,"2018-01-27",1384646523120192000
"797",8.420825,0.11913401,2.1051044,0.014925373,0.011904762,0,12,0,"2018-01-23",-7629288313022301184
"23",0,0.20707366,0,0.021349786,0.021491472,0,2,0,"2018-01-21",-1340663555360675840
"91",3.229553,0.009699138,2.138839,0.013082662,0.026212921,0,1,0,"2018-01-24",-7867367934152049664
"658",15.926924,0.24980204,3.9717453,0.018814638,0.018358836,0,16,0,"2018-01-24",-4832316967726682112
"641",0,0,4.887035,0.0079816105,0.036398504,0,23,0,"2018-01-21",-6998215076096305152
"282",0,0,0,0.009943644,0.0062939697,1,4,1,"2018-01-21",-2363588769751115776
"479",0,0,4.2249565,0.006329114,0.0066225166,0,44,0,"2018-01-21",-3623880078591607808
"310",6.515498,0.01230101,1.9249835,0.013100519,0.01403172,1,28,0,"2018-01-26",-4530023448177795584
"1558",0,0.04572471,0,0.013288964,0.015492427,1,1,0,"2018-01-25",8821162609494818816
"825",0,0,0.50536996,0.014218933,0.014810457,0,9,0,"2018-01-25",-3623880078591607808
"1350",0,0,1.1475174,0.009009009,0.0078125,0,0,0,"2018-01-23",-7706973126229505024
"563",0,0,0.9531402,1e-06,1e-06,1,21,0,"2018-01-26",-3696411351851333120
"1322",0,0,0,0.017360553,0.020652302,0,7,0,"2018-01-25",9204124302215888896
"14",0,0,1.0201997,0.01476726,0.023267066,1,1,0,"2018-01-26",8530323770842618880
"450",0,0,0,0.025334809,0.025600795,0,2,0,"2018-01-21",7685835919712135168
"581",0,0,0,0.024298329,0.06736464,0,4,1,"2018-01-23",-1340663555360675840
"173",0,0.014494836,4.0716095,0.0046948357,0.011764953,0,6,0,"2018-01-21",-7268106225594404864
"166",0,0,0,0.0077562258,0.02041192,0,1,0,"2018-01-25",-4175733961318103552
"810",0,0,2.943168,0.011235955,0.012370601,0,8,0,"2018-01-24",-4175733961318103552
"977",11.842093,0.0963072,2.9532118,0.013895518,0.015559943,1,42,0,"2018-01-25",-5302120391854416896
"877",0,0.24930942,0,0.024002085,0.034263674,1,25,0,"2018-01-26",-1592769939201928704
"1037",0,0.13676226,0,0.013121416,0.014369534,1,16,0,"2018-01-27",-7731275881257459712
"1461",2.7572465,0.017942036,1.737728,0.013082662,0.013914736,1,2,0,"2018-01-24",4672379463779748864
"1627",0,1.7530829,0.16118053,0.024196314,0.04178628,0,5,0,"2018-01-26",-8734265505719801856
"720",0,0.10995972,0,0.018881116,0.01968863,1,2,0,"2018-01-26",-4397799785543263232
"1447",25.077549,0.055501666,4.523417,0.03225684,0.05182888,0,6,0,"2018-01-27",8530323770842618880
"1499",6.335246,0.029889235,1.9206538,0.0031484254,0.0025131684,0,1,0,"2018-01-23",-1627412911764431360
"290",0,0,0,0.007862209,0.006779821,1,13,0,"2018-01-21",2029928808769267712
"1407",0,0,0,0.016129032,0.01754386,1,1,1,"2018-01-26",-4414251511891853824
"556",0,0,0.60656035,0.009993309,0.009105761,1,1,0,"2018-01-23",-4092669534112985088
"765",0,0.036832824,0,0.015711606,0.0144361975,1,12,0,"2018-01-23",8147585998651961344
"1421",0,0,0,0.033531588,0.029417876,1,14,0,"2018-01-24",-7629288313022301184
"1405",0,0,0,0.012162801,0.032153863,1,10,0,"2018-01-26",-5302120391854416896
"553",35.52642,0,7.6349244,0.008928572,0.21758446,0,7,1,"2018-01-23",-3623880078591607808
"1430",0,0,1.6930559,0.026525166,0.04909677,0,14,0,"2018-01-23",-461013632408289408
"814",0,0,0,0.015213922,0.010409511,1,141,0,"2018-01-24",-6119409206348088320
"341",10.397208,0.02124776,3.1508973,0.015422714,0.01578847,0,7,0,"2018-01-23",-1340663555360675840
"1015",25.38832,0.059914537,5.4417686,0.016352586,0.04409573,0,2,0,"2018-01-21",-3214316587352202752
"1260",0,0.091435134,0,0.016329704,0.012527185,1,4,0,"2018-01-21",-4534174881649530368
"1255",0,0,0.16431484,1e-06,1e-06,1,19,0,"2018-01-23",8530323770842618880
"76",0,0,2.8891551,0.011465843,0.011363637,0,16,0,"2018-01-25",-3623880078591607808
"1485",0,0.878022,2.672758,0.029849187,0.024054984,1,28,0,"2018-01-21",-7485608206391772160
"967",24.323286,0,7.374079,0.021848384,0.36597186,0,9,1,"2018-01-24",9202726581177086976
"1133",0,0,0,0.011057594,0.010314719,1,0,0,"2018-01-24",-3623880078591607808
"16",0,0,1.3274363,0.010783897,0.0115954345,1,0,0,"2018-01-24",2029928808769267712
"95",0,0.15220575,0,0.017135352,0.017314209,0,1,0,"2018-01-25",-4246715430060585472
"1009",0,0,2.249687,0.018821364,0.022119207,1,1,0,"2018-01-25",-1614082818015232512
"93",0,0,1.4083209,0.010146366,0.008826861,0,8,0,"2018-01-23",-4530023448177795584
"617",0,0,0,0.013565883,0.013588147,1,20,0,"2018-01-24",6135677934545197056
"136",0,0.017812693,1.6996022,0.008234988,0.0065571824,0,1,0,"2018-01-23",-3214316587352202752
"1450",0,0.15198159,0,0.009680904,0.014969248,1,15,0,"2018-01-24",8947106012270616576
"230",10.3497505,0.11135605,2.5874376,0.016014839,0.0154286,1,7,0,"2018-01-24",9124072227722530816
"466",0,0,1.7620342,0.0072176647,0.017613426,1,13,0,"2018-01-25",-6998215076096305152
"1003",14.663902,0.1800619,3.6659756,0.01812006,0.017467085,0,4,0,"2018-01-23",3915789194210937856
"1468",0,0.02663952,2.654548,0.014925373,0.1027358,1,1,0,"2018-01-24",8530323770842618880
"1444",0,0.16585517,0,0.018771695,0.015428359,1,12,0,"2018-01-22",2029928808769267712
"860",0,0,0.12134015,0.025703646,0.0121951215,0,0,0,"2018-01-24",-3623880078591607808
"386",0,0,0.47616735,1e-06,1e-06,1,6,0,"2018-01-24",6668372929844503552
"702",0,0.15231366,0,0.009607424,0.021963866,1,4,0,"2018-01-23",9202726581177086976
"1127",8.120777,0.05793298,2.4612126,0.016956154,0.014285714,0,11,1,"2018-01-25",4672379463779748864
"1620",0,0,0.71305186,1e-06,1e-06,1,6,0,"2018-01-25",-7268106225594404864
"648",0,0.24830435,0,0.015842902,0.052762248,1,0,0,"2018-01-24",2981397215533439488
"1605",0,0,5.0535936,0.02151907,0.25294372,1,27,0,"2018-01-24",8530323770842618880
"219",0,0.057978082,1.1279411,0.021137597,0.016666668,1,12,0,"2018-01-27",-1340663555360675840
"990",23.879093,0.059648324,0,0.013513514,0.13838288,1,3,0,"2018-01-27",9202726581177086976
"70",0,0,0,0.01583196,0.02173913,1,12,1,"2018-01-25",1861515439563363328
"687",0,0.042696692,3.4789658,0.019045522,0.025353663,0,7,0,"2018-01-25",6135677934545197056
"1334",0,0.14693552,0,0.00956508,0.009259259,1,16,0,"2018-01-26",9124072227722530816
"308",9.600269,0,0,0.01916031,0.04095284,1,6,1,"2018-01-23",-8220869288454573056
"971",0,0,0,0.01253962,0.06544151,0,1,0,"2018-01-24",-4414251511891853824
"1641",0,0,0,0.019213414,0.033869717,0,6,0,"2018-01-26",-859190551995821568
"125",0,0,0.74847776,1e-06,1e-06,0,13,0,"2018-01-21",2029928808769267712
"316",11.069939,0,3.3560681,0.018308371,0.01644023,1,13,0,"2018-01-23",-866223399462429184
"676",12.455567,0.031159801,3.5356646,0.010279461,0.010526318,0,2,0,"2018-01-27",-4530023448177795584
"689",0,0,1.8677882,0.013448132,0.049133416,0,16,0,"2018-01-21",-2363588769751115776
"841",0,0,1.7321901,0.02170006,0.019516,0,1,0,"2018-01-26",8530323770842618880
"821",0,0,0,0.013635795,0.015161039,0,3,0,"2018-01-25",-461013632408289408
